asin,title,brand,category,interactions,source
B006GWO5WK,,Amazon,Kindle Accessories > Power Adapters > Kindle Fire Power Adapters,1335,pending_asin_lookup
B007R5YDYA,,Amazon,Kindle Accessories > Covers > Kindle Paperwhite Covers,808,pending_asin_lookup
B0015AARJI,,unknown item,PlayStation 3 > Accessories > Controllers,674,pending_asin_lookup
B00BGA9WK2,,unknown item,Video Games > PlayStation 4 > Consoles,522,pending_asin_lookup
B005DOK8NW,,unknown item,Kindle Accessories > Power Adapters > Kindle Touch Power Adapters,486,pending_asin_lookup
B000B9RI14,,unknown item,Xbox One > LIVE > Points & Currency Cards,455,pending_asin_lookup
B003ZSP0WW,,unknown item,Accessories > Controllers > Gamepads,409,pending_asin_lookup
B000UEZ36W,,unknown item,Desk Accessories & Workspace Organizers > Mouse Pads & Wrist Rests > Mouse Pads,366,pending_asin_lookup
B00825BZUY,,unknown item,"Kindle Accessories > Covers > Kindle Fire HD 8.9"" Covers",353,pending_asin_lookup
B00902SFC4,,unknown item,Kindle Store > Kindle Accessories > Styluses,344,pending_asin_lookup
B004Q0PT3I,,unknown item,Software > Operating Systems > Microsoft Windows,335,pending_asin_lookup
B0079UAT0A,,unknown item,"Kindle Accessories > Screen Protectors > Kindle Fire (7"") Screen Protectors",298,pending_asin_lookup
B003DZ165W,,unknown item,Electronics > eBook Readers & Accessories > Covers,291,pending_asin_lookup
B009NHWVIA,,unknown item,"Kindle Accessories > Screen Protectors > Kindle Fire HD 7"" (Previous Generation) Screen Protectors",265,pending_asin_lookup
B005KDYBIO,,unknown item,Electronics > eBook Readers & Accessories > Covers,261,pending_asin_lookup
B00077AA5Q,,unknown item,Accessories > Batteries & Chargers > Battery Chargers,257,pending_asin_lookup
B005HSG3TC,,unknown item,Cases > Electronics > eBook Readers & Accessories,232,pending_asin_lookup
B00CMQTVK0,,unknown item,Video Games > Xbox One > Consoles,208,pending_asin_lookup
B0053OLY9O,,unknown item,Cables & Accessories > Headsets & Microphones > PC Headsets,204,pending_asin_lookup
B008GGH4FY,,unknown item,"Kindle Accessories > Covers > Kindle Fire HD 7"" (Previous Generation) Covers",204,pending_asin_lookup
B006ZBWV0K,,unknown item,Kindle Accessories > Covers > Kindle Touch Covers (Previous Generation),202,pending_asin_lookup
B000M17AVO,,unknown item,PlayStation 3 > Accessories > Controllers,200,pending_asin_lookup
B005TJAXN6,,unknown item,Touch Screen Tablet Accessories > Cases & Sleeves > Cases,177,pending_asin_lookup
B0089E5R0W,,unknown item,Electronics > Computers & Accessories > Touch Screen Tablet Accessories,176,pending_asin_lookup
B004JWA70I,,unknown item,Cables & Accessories > Monitor Accessories > Screen Protectors,170,pending_asin_lookup
B005QCDY50,,unknown item,Computers & Accessories > Touch Screen Tablet Accessories > Screen Protectors,168,pending_asin_lookup
B004Q0T0LU,,unknown item,Software > Operating Systems > Microsoft Windows,164,pending_asin_lookup
B005I6EU48,,unknown item,Touch Screen Tablet Accessories > Cases & Sleeves > Cases,152,pending_asin_lookup
B004MSQZUU,,unknown item,Kindle Accessories > Audio > Kindle Touch Audio,146,pending_asin_lookup
B006BGZJJ4,,unknown item,Kindle Store > Kindle Accessories > Power Cables,145,pending_asin_lookup
B00E6ONJJU,,unknown item,Software > Antivirus & Security > Internet Security,133,pending_asin_lookup
B005GI19HY,,unknown item,Software > Antivirus & Security > Internet Security,125,pending_asin_lookup
B005OOKNP4,,unknown item,Touch Screen Tablet Accessories > Kindle Store > Kindle Accessories,125,pending_asin_lookup
B000TXZIDM,,unknown item,Electronics > eBook Readers & Accessories > Reading Lights,124,pending_asin_lookup
B009FUF6DM,,unknown item,Household Supplies > Household Cleaning > Cloths & Wipes,122,pending_asin_lookup
B009613MVS,,unknown item,Computers & Accessories > Touch Screen Tablet Accessories > Skins & Decals,121,pending_asin_lookup
B004SD1ZPY,,unknown item,Electronics > eBook Readers & Accessories > Covers,118,pending_asin_lookup
B0097CXWUW,,unknown item,Computers & Accessories > Touch Screen Tablet Accessories > Screen Protectors,115,pending_asin_lookup
B004B8GF7Y,,unknown item,MP3 Players & Accessories > MP3 Player Accessories > FM Transmitters,113,pending_asin_lookup
B0094NY3R0,,unknown item,Software > Operating Systems > Microsoft Windows,113,pending_asin_lookup
B002P35JMO,,unknown item,Xbox 360 > Accessories > Cables & Adapters,105,pending_asin_lookup
B008THTRVO,,unknown item,Computers & Accessories > Touch Screen Tablet Accessories > Skins & Decals,104,pending_asin_lookup
B0097CZHAU,,unknown item,Computers & Accessories > Touch Screen Tablet Accessories > Screen Protectors,104,pending_asin_lookup
B00EOI2SR2,,unknown item,Computers & Accessories > Software > Photography,104,pending_asin_lookup
B005TN0MMY,,unknown item,Electronics > eBook Readers & Accessories > Covers,103,pending_asin_lookup
B0015HYPOO,,unknown item,Accessories > Controllers > Racing Wheels,100,pending_asin_lookup
B003DZ166Q,,unknown item,Electronics > eBook Readers & Accessories > Covers,97,pending_asin_lookup
B00BWL33H8,,unknown item,Kindle Store > Kindle Accessories > Covers,97,pending_asin_lookup
B00H09BB16,,unknown item,Software > Operating Systems > Microsoft Windows,97,pending_asin_lookup
B004JXVOD6,,unknown item,Kindle Accessories > Covers > Kindle Keyboard Covers (Previous Generation),96,pending_asin_lookup
B00DR0B7Y8,,unknown item,Kindle Accessories > Covers > Kindle Fire HDX Covers,95,pending_asin_lookup
B007RFW1NA,,unknown item,Software > Education & Reference > Maps & Atlases,94,pending_asin_lookup
B004A7ZEI2,,unknown item,Electronics > eBook Readers & Accessories > Covers,92,pending_asin_lookup
B00DQZOD8Q,,unknown item,Kindle Accessories > Covers > Kindle Fire HDX Covers,92,pending_asin_lookup
B00DR0C96S,,unknown item,"Kindle Accessories > Covers > Kindle Fire HDX 8.9"" Covers",91,pending_asin_lookup
B008ULPAT2,,unknown item,Electronics > Computers & Accessories > Computer Components,90,pending_asin_lookup
B007R5YGO2,,unknown item,Sleeves > Kindle Store > Kindle Accessories,88,pending_asin_lookup
B002CMLDT6,,unknown item,Electronics > eBook Readers & Accessories > Reading Lights,87,pending_asin_lookup
B005HSG3VK,,unknown item,Cases > Electronics > eBook Readers & Accessories,86,pending_asin_lookup
B005HSG3BA,,unknown item,Kindle Accessories > Covers > Kindle Fire Covers,85,pending_asin_lookup
B008X9Z8NE,,unknown item,Touch Screen Tablet Accessories > Cases & Sleeves > Cases,84,pending_asin_lookup
B000B6MLPU,,unknown item,Accessories > Cables & Adapters > Cables,82,pending_asin_lookup
B001NPDA44,,unknown item,Kindle Accessories > Covers > Kindle Covers (2nd Generation),80,pending_asin_lookup
B009X01C64,,unknown item,"Kindle Accessories > Covers > Kindle Fire HD 8.9"" Covers",80,pending_asin_lookup
B00E5UHRIO,,unknown item,Software > Antivirus & Security > Internet Security,80,pending_asin_lookup
B005FMLZQQ,,unknown item,Xbox 360 > Accessories > Controllers,79,pending_asin_lookup
B005S6XUXA,,unknown item,Touch Screen Tablet Accessories > Cases & Sleeves > Cases,79,pending_asin_lookup
B000NONHYY,,unknown item,Laptop & Netbook Computer Accessories > Bags & Cases > Backpacks,78,pending_asin_lookup
B00HPM1FZ0,,unknown item,Kindle Accessories > Covers > Kindle Fire HDX Covers,78,pending_asin_lookup
B000MIXFWA,,unknown item,PlayStation 3 > Accessories > Cables & Adapters,76,pending_asin_lookup
B004SD22PQ,,unknown item,Electronics > eBook Readers & Accessories > Covers,76,pending_asin_lookup
B008X9ZBVI,,unknown item,"Kindle Accessories > Covers > Kindle Fire HD 7"" (Previous Generation) Covers",76,pending_asin_lookup
B004SD1XB0,,unknown item,Electronics > eBook Readers & Accessories > Covers,75,pending_asin_lookup
B008ULPE70,,unknown item,Touch Screen Tablet Accessories > Cases & Sleeves > Cases,75,pending_asin_lookup
B003FZA1OW,,unknown item,Kindle Accessories > Reading Lights > Kindle (2nd Generation) Reading Lights,74,pending_asin_lookup
B004TKTOWC,,unknown item,Software > Business & Office > Document Management,74,pending_asin_lookup
B00CXADBRY,,unknown item,Kindle Accessories > Screen Protectors > Kindle E-Reader Screen Protectors,71,pending_asin_lookup
B00489SLEQ,,unknown item,Electronics > eBook Readers & Accessories > Covers,70,pending_asin_lookup
B00JC5Y6WM,,unknown item,Desktops > Software > Business & Office,70,pending_asin_lookup
B000NUBY0C,,unknown item,Accessories > Cables & Adapters > Adapters,69,pending_asin_lookup
B0094NXBZ0,,unknown item,Software > Operating Systems > Microsoft Windows,69,pending_asin_lookup
B000W5RBQE,,unknown item,Computers & Accessories > Cables & Accessories > Keyboards,68,pending_asin_lookup
B008MF3X9K,,unknown item,Touch Screen Tablet Accessories > Cases & Sleeves > Cases,68,pending_asin_lookup
B00DQZQPNM,,unknown item,Kindle Accessories > Covers > All-New Kindle Fire HD Covers,68,pending_asin_lookup
B00EDSI7QO,,unknown item,Software > Operating Systems > Microsoft Windows,68,pending_asin_lookup
B002I0JDC6,,unknown item,Computers & Accessories > Data Storage > Internal Hard Drives,67,pending_asin_lookup
B004HBK4T0,,unknown item,Electronics > Computers & Accessories > Touch Screen Tablet Accessories,67,pending_asin_lookup
B004SD2562,,unknown item,Electronics > eBook Readers & Accessories > Covers,67,pending_asin_lookup
B005VTGCE8,,unknown item,Touch Screen Tablet Accessories > Cases & Sleeves > Cases,67,pending_asin_lookup
B0098OCKDE,,unknown item,Computers & Accessories > Touch Screen Tablet Accessories > Screen Protectors,67,pending_asin_lookup
B004YHXXKO,,unknown item,Software > Design & Illustration > Illustration,66,pending_asin_lookup
B008GGH5HQ,,unknown item,"Kindle Accessories > Covers > Kindle Fire HD 7"" (Previous Generation) Covers",66,pending_asin_lookup
B00IVFDZBC,,unknown item,Desktops > Software > Photography,66,pending_asin_lookup
B003DZ1684,,unknown item,Electronics > eBook Readers & Accessories > Covers,65,pending_asin_lookup
B00562O8U0,,unknown item,Video Games > PlayStation 3 > Accessories,65,pending_asin_lookup
B006WVR9GY,,unknown item,Computer Components > Software > Photography,65,pending_asin_lookup
B0098PIYTW,,unknown item,Computers & Accessories > Touch Screen Tablet Accessories > Screen Protectors,65,pending_asin_lookup
B001E0RZ3U,,unknown item,Software > Antivirus & Security > Internet Security,64,pending_asin_lookup
B008X9Z7N0,,unknown item,Touch Screen Tablet Accessories > Cases & Sleeves > Cases,64,pending_asin_lookup
B005DOKIYG,,unknown item,Kindle Accessories > Sleeves > Kindle Fire Sleeves,63,pending_asin_lookup
B0079R8KO0,,unknown item,Touch Screen Tablet Accessories > Cases & Sleeves > Cases,63,pending_asin_lookup
B00DQZP7X6,,unknown item,Kindle Accessories > Covers > Kindle Fire HDX Covers,63,pending_asin_lookup
B001P2VV50,,unknown item,Stereo Components > Receivers & Amplifiers > Component Amplifiers,62,pending_asin_lookup
B008X9Z3UC,,unknown item,Touch Screen Tablet Accessories > Cases & Sleeves > Sleeves,62,pending_asin_lookup
B00DT04I9W,,unknown item,Desktops > Software > Photography,61,pending_asin_lookup
B00HPM1G8Q,,unknown item,"Kindle Accessories > Covers > Kindle Fire HDX 8.9"" Covers",61,pending_asin_lookup
B00JC5Y6YA,,unknown item,Computers & Accessories > Software > Business & Office,61,pending_asin_lookup
B002LARYGA,,unknown item,Accessories > Controllers > Remotes,60,pending_asin_lookup
B0073ESYZO,,unknown item,Video Games > PlayStation Vita > Accessories,60,pending_asin_lookup
B00FZ9SMVU,,unknown item,"Kindle Accessories > Screen Protectors > Kindle Fire HDX 8.9"" Screen Protectors",60,pending_asin_lookup
B00H09BOXQ,,unknown item,Software > Operating Systems > Microsoft Windows,60,pending_asin_lookup
B001UE6MJ8,,unknown item,Portable Audio & Video > CB & Two-Way Radios > Two-Way Radios,59,pending_asin_lookup
B005GJC01C,,unknown item,Kindle Accessories > Screen Protectors > Kindle Fire HDX Screen Protectors,59,pending_asin_lookup
B005HSG3L0,,unknown item,Kindle Accessories > Covers > Kindle Paperwhite Covers,59,pending_asin_lookup
B008IT11B2,,unknown item,Touch Screen Tablet Accessories > Cases & Sleeves > Cases,59,pending_asin_lookup
B00EOI2SYK,,unknown item,Computers & Accessories > Software > Photography,59,pending_asin_lookup
B00F6E8OUS,,unknown item,Kindle Accessories > Covers > Kindle E-Reader Covers,59,pending_asin_lookup
B00EUFP39E,,unknown item,Kindle Accessories > Covers > Kindle Paperwhite Covers,58,pending_asin_lookup
B00HRQB28Y,,unknown item,Software > Video > Video Editing,58,pending_asin_lookup
B002BU0DPE,,unknown item,PlayStation 3 > Accessories > Headsets,57,pending_asin_lookup
B00EOI2TD0,,unknown item,Computers & Accessories > Software > Photography,57,pending_asin_lookup
B00EAR8S76,,unknown item,Kindle Accessories > Covers > Kindle Paperwhite Covers,56,pending_asin_lookup
B004GYVPGE,,unknown item,Computers & Accessories > Touch Screen Tablet Accessories > Skins & Decals,55,pending_asin_lookup
B008682C9U,,unknown item,"Kindle Accessories > Extended Warranties > Kindle Fire HD 8.9"" Extended Warranties",55,pending_asin_lookup
B00951UZPA,,unknown item,Electronics > eBook Readers & Accessories > Screen Protectors,55,pending_asin_lookup
B005HTIWF4,,unknown item,Software > Video > DVD Viewing & Burning,54,pending_asin_lookup
B005S1CYO6,,unknown item,Electronics > eBook Readers & Accessories > Screen Protectors,54,pending_asin_lookup
B008X9Z528,,unknown item,Touch Screen Tablet Accessories > Cases & Sleeves > Cases,54,pending_asin_lookup
B009RH9FR6,,unknown item,"Kindle Accessories > Covers > Kindle Fire HD 7"" (Previous Generation) Covers",54,pending_asin_lookup
B00AHPSTRY,,unknown item,"Kindle Accessories > Screen Protectors > Kindle Fire HD 8.9"" Screen Protectors",54,pending_asin_lookup
B003A0T6YS,,unknown item,Accessories > Cables & Adapters > Cables,53,pending_asin_lookup
B008X9Z6EA,,unknown item,Electronics > Computers & Accessories > Touch Screen Tablet Accessories,53,pending_asin_lookup
B00D6PTMHI,,unknown item,Computer Components > Video Games > PC,53,pending_asin_lookup
B002I0K3Z2,,unknown item,Video Games > Xbox 360 > Games,52,pending_asin_lookup
B00428C1I0,,unknown item,Electronics > eBook Readers & Accessories > Covers,52,pending_asin_lookup
B005PSTV2K,,unknown item,Computers & Accessories > Data Storage > Internal Hard Drives,52,pending_asin_lookup
B00DQZTJKI,,unknown item,"Kindle Accessories > Covers > Kindle Fire HDX 8.9"" Covers",52,pending_asin_lookup
B005X0JTP4,,unknown item,Electronics > eBook Readers & Accessories > Screen Protectors,51,pending_asin_lookup
B00F3ZN2W0,,unknown item,Software > Operating Systems > Microsoft Windows,51,pending_asin_lookup
B003HKRVAW,,unknown item,Kindle Accessories > Reading Lights > Kindle Touch Reading Lights,50,pending_asin_lookup
B006QOLYPO,,unknown item,Computers & Accessories > Touch Screen Tablet Accessories > Chargers & Adapters,50,pending_asin_lookup
B003DZ167K,,unknown item,Electronics > eBook Readers & Accessories > Covers,48,pending_asin_lookup
B00575RN62,,unknown item,Cables & Accessories > Input Devices > Graphics Tablet Styluses,48,pending_asin_lookup
B008GEH9HO,,unknown item,Video Games > Nintendo 3DS > Consoles,48,pending_asin_lookup
B00DR0B31U,,unknown item,Kindle Accessories > Covers > Kindle Fire HDX Covers,48,pending_asin_lookup
B00F9ZQQ8Q,,unknown item,Computers & Accessories > Software > Photography,48,pending_asin_lookup
B00GOUBT6E,,unknown item,Software > Operating Systems > Microsoft Windows,48,pending_asin_lookup
B002Y27P6Y,,unknown item,Kindle Accessories > Covers > Kindle DX Covers (Previous Generation),47,pending_asin_lookup
B0073ESZ58,,unknown item,PlayStation Vita > Accessories > Cases & Protectors,47,pending_asin_lookup
B00AHPSTJW,,unknown item,Electronics > eBook Readers & Accessories > Covers,47,pending_asin_lookup
B003O8682Y,,unknown item,Electronics > eBook Readers & Accessories > Power Adapters,46,pending_asin_lookup
B0064L8Q1E,,unknown item,Cables & Accessories > Input Devices > Digital Pens,46,pending_asin_lookup
B008GGH4VI,,unknown item,Touch Screen Tablet Accessories > Cases & Sleeves > Cases,46,pending_asin_lookup
B008ULPA2O,,unknown item,Touch Screen Tablet Accessories > Cases & Sleeves > Cases,46,pending_asin_lookup
B0097C57GO,,unknown item,Computers & Accessories > Touch Screen Tablet Accessories > Screen Protectors,46,pending_asin_lookup
B009WZRBPQ,,unknown item,Touch Screen Tablet Accessories > Cases & Sleeves > Cases,46,pending_asin_lookup
B002J46IYW,,unknown item,Electronics > eBook Readers & Accessories > Power Cables,45,pending_asin_lookup
B0067US1R6,,unknown item,Electronics > eBook Readers & Accessories > Covers,45,pending_asin_lookup
B0064RY5PO,,unknown item,Touch Screen Tablet Accessories > Cases & Sleeves > Cases,44,pending_asin_lookup
B008X9Z9ZQ,,unknown item,Touch Screen Tablet Accessories > Cases & Sleeves > Cases,44,pending_asin_lookup
B00DR0BQ0I,,unknown item,Kindle Accessories > Covers > All-New Kindle Fire HD Covers,44,pending_asin_lookup
B0046A8YEO,,unknown item,Electronics > eBook Readers & Accessories > Covers,43,pending_asin_lookup
B006PP3ZK6,,unknown item,Accessories & Supplies > Audio & Video Accessories > Headphones,43,pending_asin_lookup
B00FF9MLQW,,unknown item,Accessories > Cables & Adapters > Adapters,43,pending_asin_lookup
B00FJ8JGIA,,unknown item,Computers & Accessories > Touch Screen Tablet Accessories > Screen Protectors,43,pending_asin_lookup
B00FZ9SM4M,,unknown item,Kindle Accessories > Screen Protectors > Kindle Fire HDX Screen Protectors,43,pending_asin_lookup
B0031116K8,,unknown item,Electronics > eBook Readers & Accessories > Reading Lights,42,pending_asin_lookup
B004SD26Z2,,unknown item,Kindle Accessories > Sleeves > Kindle Touch Sleeves,42,pending_asin_lookup
B008RVJJZG,,unknown item,Household Supplies > Household Cleaning > Cloths & Wipes,42,pending_asin_lookup
B009X0167Y,,unknown item,Touch Screen Tablet Accessories > Cases & Sleeves > Cases,42,pending_asin_lookup
B003U4VIXQ,,unknown item,Sleeves > Kindle Store > Kindle Accessories,41,pending_asin_lookup
B005JK63RA,,unknown item,Computers & Accessories > Cables & Accessories > Input Devices,41,pending_asin_lookup
B0068GBXSS,,unknown item,Cables & Accessories > Cables & Interconnects > USB Cables,41,pending_asin_lookup
B00DQZRKY0,,unknown item,Kindle Accessories > Covers > All-New Kindle Fire HD Covers,41,pending_asin_lookup
B00DULMXTW,,unknown item,"Kindle Accessories > Covers > Kindle Fire HDX 8.9"" Covers",41,pending_asin_lookup
B002SRNS7A,,unknown item,Software > Antivirus & Security > Internet Security,40,pending_asin_lookup
B003B4CU3M,,unknown item,Software > Design & Illustration > Illustration,40,pending_asin_lookup
B003DZ168E,,unknown item,Electronics > eBook Readers & Accessories > Covers,40,pending_asin_lookup
B005EM6IAA,,unknown item,Computers & Accessories > Touch Screen Tablet Accessories > Screen Protectors,40,pending_asin_lookup
B007W66RCU,,unknown item,Computers & Accessories > Touch Screen Tablet Accessories > Screen Protectors,40,pending_asin_lookup
B008HK3SSG,,unknown item,Electronics > eBook Readers & Accessories > Sleeves,40,pending_asin_lookup
B009EVLN7K,,unknown item,Computers & Accessories > Touch Screen Tablet Accessories > Bundles,40,pending_asin_lookup
B00GC1ZMYA,,unknown item,Software > Video > Video Editing,40,pending_asin_lookup
B001807P4A,,unknown item,Audio & Video Accessories > Media Storage & Organization > Disc Storage Wallets,39,pending_asin_lookup
B004Q0PTD8,,unknown item,Software > Operating Systems > Microsoft Windows,39,pending_asin_lookup
B005QBHNTY,,unknown item,Computers & Accessories > Touch Screen Tablet Accessories > Screen Protectors,39,pending_asin_lookup
B000R9A9JG,,unknown item,Accessories > Batteries & Chargers > Batteries,38,pending_asin_lookup
B003M5IQLU,,unknown item,Electronics > eBook Readers & Accessories > Power Adapters,38,pending_asin_lookup
B004SD25SK,,unknown item,Electronics > eBook Readers & Accessories > Covers,38,pending_asin_lookup
B008FF8360,,unknown item,Computers & Accessories > Touch Screen Tablet Accessories > Chargers & Adapters,38,pending_asin_lookup
B009A4B5VA,,unknown item,Cables & Interconnects > Video Cables > HDMI Cables,38,pending_asin_lookup
B009YZ92OM,,unknown item,Touch Screen Tablet Accessories > Cases & Sleeves > Cases,38,pending_asin_lookup
B00A3YDT5Q,,unknown item,Electronics > eBook Readers & Accessories > Covers,38,pending_asin_lookup
B00G6CLNCK,,unknown item,Software > Video > Video Editing,38,pending_asin_lookup
B003DZ167A,,unknown item,Electronics > eBook Readers & Accessories > Covers,37,pending_asin_lookup
B003NE5UWI,,unknown item,Electronics > eBook Readers & Accessories > Sleeves,37,pending_asin_lookup
B004QK8FBG,,unknown item,Electronics > Computers & Accessories,37,pending_asin_lookup
B007W7PIZ6,,unknown item,Touch Screen Tablet Accessories > Cases & Sleeves > Cases,37,pending_asin_lookup
B00DQZOIOU,,unknown item,Kindle Accessories > Covers > Kindle Fire HDX Covers,37,pending_asin_lookup
B00EADTVLW,,unknown item,Computers & Accessories > Laptop & Netbook Computer Accessories > Chargers & Adapters,37,pending_asin_lookup
B00F3ZN0CC,,unknown item,Software > Operating Systems > Microsoft Windows,37,pending_asin_lookup
B00G6CLN3Y,,unknown item,Software > Video > Video Editing,37,pending_asin_lookup
B004EHJQBY,,unknown item,Electronics > eBook Readers & Accessories > Covers,36,pending_asin_lookup
B004HNCRNO,,unknown item,Electronics > Computers & Accessories > Touch Screen Tablet Accessories,36,pending_asin_lookup
B005KELR3A,,unknown item,Kindle Accessories > Sleeves > Kindle Touch Sleeves,36,pending_asin_lookup
B005QF2NCW,,unknown item,Computers & Accessories > Touch Screen Tablet Accessories > Screen Protectors,36,pending_asin_lookup
B005QI5DZI,,unknown item,Electronics > eBook Readers & Accessories > Covers,36,pending_asin_lookup
B008ULPD0S,,unknown item,"Kindle Accessories > Covers > Kindle Fire HD 7"" (Previous Generation) Covers",36,pending_asin_lookup
B00DQZRQPI,,unknown item,Kindle Accessories > Covers > All-New Kindle Fire HD Covers,36,pending_asin_lookup
B00EOE6COQ,,unknown item,Kindle Accessories > Power Adapters > Kindle Paperwhite Power Adapters,36,pending_asin_lookup
B0057WTEWQ,,unknown item,Electronics > eBook Readers & Accessories > Reading Lights,35,pending_asin_lookup
B007TSDQUM,,unknown item,Touch Screen Tablet Accessories > Cases & Sleeves > Cases,35,pending_asin_lookup
B001B7V55K,,unknown item,Cables & Interconnects > Video Cables > Composite Video,34,pending_asin_lookup
B002Y27P6O,,unknown item,Electronics > eBook Readers & Accessories > Covers,34,pending_asin_lookup
B0062TB868,,unknown item,Computers & Accessories > Touch Screen Tablet Accessories > Screen Protectors,34,pending_asin_lookup
B0066D608G,,unknown item,Touch Screen Tablet Accessories > Cases & Sleeves > Cases,34,pending_asin_lookup
B008MF48J4,,unknown item,Electronics > Computers & Accessories > Touch Screen Tablet Accessories,34,pending_asin_lookup
B009A4B6YG,,unknown item,Cables & Interconnects > Video Cables > HDMI Cables,34,pending_asin_lookup
B0045EOWLU,,unknown item,Electronics > eBook Readers & Accessories > Covers,33,pending_asin_lookup
B0046A8Y8A,,unknown item,Electronics > eBook Readers & Accessories > Covers,33,pending_asin_lookup
B005KDY8AU,,unknown item,Kindle Accessories > Covers > Kindle Touch Covers (Previous Generation),33,pending_asin_lookup
B008ULPCB8,,unknown item,Computers & Accessories > Touch Screen Tablet Accessories > Cases & Sleeves,33,pending_asin_lookup
B008X9Z44M,,unknown item,Touch Screen Tablet Accessories > Cases & Sleeves > Sleeves,33,pending_asin_lookup
B009WZRCO6,,unknown item,Touch Screen Tablet Accessories > Cases & Sleeves > Cases,33,pending_asin_lookup
B00DR0BOSC,,unknown item,Kindle Accessories > Covers > All-New Kindle Fire HD Covers,33,pending_asin_lookup
B00EI4V3X2,,unknown item,PlayStation 4 > Accessories > Headsets,33,pending_asin_lookup
B002MRMCKU,,unknown item,Accessories & Supplies > Audio & Video Accessories > Headphones,32,pending_asin_lookup
B008681XSG,,unknown item,Electronics > Electronics Warranties,32,pending_asin_lookup
B008HK3Y5S,,unknown item,Touch Screen Tablet Accessories > Cases & Sleeves > Cases,32,pending_asin_lookup
B009K5WSNI,,unknown item,Computers & Accessories > Cables & Accessories > Hard Drive Enclosures,32,pending_asin_lookup
B009VL9YGU,,unknown item,Software > Business & Office > Office Suites,32,pending_asin_lookup
B00FZ9SJLS,,unknown item,Kindle Accessories > Screen Protectors > All-New Kindle Fire HD Screen Protectors,32,pending_asin_lookup
B0012J52OC,,unknown item,Travel Chargers > Electronics > Portable Audio & Video,31,pending_asin_lookup
B005FMLXW2,,unknown item,Cables & Accessories > Headsets & Microphones > PC Microphones,31,pending_asin_lookup
B005KDY756,,unknown item,Electronics > eBook Readers & Accessories > Covers,31,pending_asin_lookup
B008HK3QII,,unknown item,Electronics > eBook Readers & Accessories > Sleeves,31,pending_asin_lookup
B00DQZPCTA,,unknown item,Kindle Accessories > Covers > Kindle Fire HDX Covers,31,pending_asin_lookup
B00G0OYHCW,,unknown item,Computer Components > Video Games > Wii U,31,pending_asin_lookup
B003WVFAO0,,unknown item,Computer Components > Software > Design & Illustration,30,pending_asin_lookup
B0042AM7JQ,,unknown item,Electronics > eBook Readers & Accessories > Covers,30,pending_asin_lookup
B0046A8YF8,,unknown item,Electronics > eBook Readers & Accessories > Covers,30,pending_asin_lookup
B005Z6FL80,,unknown item,Chargers & Adapters > Electronics > Portable Audio & Video,30,pending_asin_lookup
B0062QPKAQ,,unknown item,Electronics > eBook Readers & Accessories > Covers,30,pending_asin_lookup
B006ALR3OE,,unknown item,Electronics > eBook Readers & Accessories > Covers,30,pending_asin_lookup
B008PWUPVY,,unknown item,Touch Screen Tablet Accessories > Cases & Sleeves > Cases,30,pending_asin_lookup
B008X9Z9S8,,unknown item,Touch Screen Tablet Accessories > Cases & Sleeves > Cases,30,pending_asin_lookup
B00DQGIIM2,,unknown item,"Kindle Accessories > Extended Warranties > Kindle Fire HDX 8.9"" Extended Warranties",30,pending_asin_lookup
B001T0HYCM,,unknown item,Electronics > eBook Readers & Accessories > Covers,29,pending_asin_lookup
B003I7YDQ4,,unknown item,Electronics > eBook Readers & Accessories > Screen Protectors,29,pending_asin_lookup
B0046W5EQI,,unknown item,Accessories & Supplies > Audio & Video Accessories > Headphones,29,pending_asin_lookup
B004MPR0ZC,,unknown item,Nintendo 3DS > Accessories > Cases & Protectors,29,pending_asin_lookup
B004T506CE,,unknown item,Electronics > eBook Readers & Accessories > Reading Lights,29,pending_asin_lookup
B005BL4PHW,,unknown item,Cables & Accessories > Input Devices > Graphics Tablet Styluses,29,pending_asin_lookup
B005WYJ8AM,,unknown item,Electronics > eBook Readers & Accessories > Screen Protectors,29,pending_asin_lookup
B008GGH4OK,,unknown item,Touch Screen Tablet Accessories > Cases & Sleeves > Cases,29,pending_asin_lookup
B00DQGIHZ0,,unknown item,Kindle Accessories > Extended Warranties > Kindle Fire HDX Extended Warranties,29,pending_asin_lookup
B00G4FCHH4,,unknown item,Kindle Accessories > Covers > Kindle Touch Covers (Previous Generation),29,pending_asin_lookup
B000E6LEIC,,unknown item,"Accessories & Supplies > Batteries, Chargers & Accessories > Power Converters",28,pending_asin_lookup
B002B4JLKI,,unknown item,Laptop & Netbook Computer Accessories > Bags & Cases > Briefcases,28,pending_asin_lookup
B003FZA1O2,,unknown item,Electronics > eBook Readers & Accessories > Reading Lights,28,pending_asin_lookup
B00609P9CY,,unknown item,Kindle Accessories > Covers > Kindle Touch Covers (Previous Generation),28,pending_asin_lookup
B009WZRAQQ,,unknown item,Electronics > eBook Readers & Accessories > Covers,28,pending_asin_lookup
B00DQZQVH2,,unknown item,Kindle Accessories > Covers > All-New Kindle Fire HD Covers,28,pending_asin_lookup
B00E83H6FW,,unknown item,"Kindle Accessories > Covers > Kindle Fire HD 7"" (Previous Generation) Covers",28,pending_asin_lookup
B005GI18EI,,unknown item,Software > Antivirus & Security > Internet Security,27,pending_asin_lookup
B005J7EOIS,,unknown item,Touch Screen Tablet Accessories > Cases & Sleeves > Cases,27,pending_asin_lookup
B006GWO7UA,,unknown item,Kindle Accessories > Power Adapters > Kindle Paperwhite Power Adapters,27,pending_asin_lookup
B007VL8Y5E,,unknown item,Kindle Accessories > Audio > Kindle Fire Audio,27,pending_asin_lookup
B00DQZSEWM,,unknown item,Kindle Accessories > Screen Protectors > All-New Kindle Fire HD Screen Protectors,27,pending_asin_lookup
B00ECERI32,,unknown item,Kindle Accessories > Covers > Kindle Paperwhite Covers,27,pending_asin_lookup
B00FJ8JHYI,,unknown item,Electronics > Computers & Accessories,27,pending_asin_lookup
B00GA55OGE,,unknown item,Kindle Accessories > Covers > Kindle Paperwhite Covers,27,pending_asin_lookup
B000UODATY,,unknown item,Xbox 360 > Accessories > Cables & Adapters,26,pending_asin_lookup
B002SB8RO0,,unknown item,Electronics > eBook Readers & Accessories > Sleeves,26,pending_asin_lookup
B003VPABK0,,unknown item,Sleeves > Kindle Store > Kindle Accessories,26,pending_asin_lookup
B005I6DJ4U,,unknown item,Electronics > eBook Readers & Accessories > Sleeves,26,pending_asin_lookup
B005K2YXHO,,unknown item,Electronics > eBook Readers & Accessories > Sleeves,26,pending_asin_lookup
B007V9UO6S,,unknown item,Touch Screen Tablet Accessories > Cases & Sleeves > Cases,26,pending_asin_lookup
B007W7PK04,,unknown item,Touch Screen Tablet Accessories > Cases & Sleeves > Cases,26,pending_asin_lookup
B008HK3WK0,,unknown item,Touch Screen Tablet Accessories > Cases & Sleeves > Cases,26,pending_asin_lookup
B008K24BKU,,unknown item,Networking Products > Network Adapters > USB Network Adapters,26,pending_asin_lookup
B008PWUS4I,,unknown item,Touch Screen Tablet Accessories > Cases & Sleeves > Sleeves,26,pending_asin_lookup
B008ULPBJG,,unknown item,Touch Screen Tablet Accessories > Cases & Sleeves > Cases,26,pending_asin_lookup
B008YTAGGW,,unknown item,Software > Video > Video Editing,26,pending_asin_lookup
B00B3PDHBU,,unknown item,Xbox 360 > Accessories > Headsets,26,pending_asin_lookup
B000F2JUOK,,unknown item,More Systems > Xbox > Hardware,25,pending_asin_lookup
B0013OM528,,unknown item,Cables & Interconnects > Video Cables > Composite Video,25,pending_asin_lookup
B001GVIUMW,,unknown item,Electronics > eBook Readers & Accessories > Covers,25,pending_asin_lookup
B002L45R8I,,unknown item,Electronics > eBook Readers & Accessories > Power Cables,25,pending_asin_lookup
B0036UU40C,,unknown item,Electronics > eBook Readers & Accessories > Reading Lights,25,pending_asin_lookup
B005KELVDG,,unknown item,Electronics > eBook Readers & Accessories > Sleeves,25,pending_asin_lookup
B005S1CYYQ,,unknown item,Kindle Accessories > Covers > Kindle E-Reader Covers,25,pending_asin_lookup
B0079R8IYW,,unknown item,Electronics > eBook Readers & Accessories > Skins,25,pending_asin_lookup
B008681YPS,,unknown item,Electronics > Electronics Warranties,25,pending_asin_lookup
B00A3YDKRI,,unknown item,Electronics > eBook Readers & Accessories > Covers,25,pending_asin_lookup
B00DQGIHNW,,unknown item,Kindle Accessories > Extended Warranties > All-New Kindle Fire HD Extended Warranties,25,pending_asin_lookup
B00DQZNWNI,,unknown item,Kindle Accessories > Covers > Kindle Fire HDX Covers,25,pending_asin_lookup
B00DQZQG3G,,unknown item,Electronics > eBook Readers & Accessories > Covers,25,pending_asin_lookup
B003CFB8T2,,unknown item,Lighting & Ceiling Fans > Novelty Lighting > Book Lights,24,pending_asin_lookup
B004SD283M,,unknown item,Kindle Accessories > Sleeves > Kindle Touch Sleeves,24,pending_asin_lookup
B006JKARPS,,unknown item,PlayStation Vita > Accessories > Cases & Protectors,24,pending_asin_lookup
B007Y4BL1C,,unknown item,Computers & Accessories > Cables & Accessories > Uninterrupted Power Supply (UPS),24,pending_asin_lookup
B009EUWNH0,,unknown item,Electronics > eBook Readers & Accessories > Covers,24,pending_asin_lookup
B00B7HLB1C,,unknown item,Electronics > eBook Readers & Accessories > Covers,24,pending_asin_lookup
B00DQZSFSA,,unknown item,Kindle Accessories > Screen Protectors > All-New Kindle Fire HD Screen Protectors,24,pending_asin_lookup
B00DQZSIW8,,unknown item,"Kindle Accessories > Covers > Kindle Fire HDX 8.9"" Covers",24,pending_asin_lookup
B004HX5OFW,,unknown item,Batteries & Chargers > Battery Chargers > Camcorder,23,pending_asin_lookup
B004Q0PSMK,,unknown item,Software > Operating Systems > Microsoft Windows,23,pending_asin_lookup
B004SD27WE,,unknown item,Kindle Accessories > Sleeves > Kindle Touch Sleeves,23,pending_asin_lookup
B005EK3OF4,,unknown item,Accessories & Supplies > Audio & Video Accessories > Video Converters,23,pending_asin_lookup
B008HK3YOO,,unknown item,Touch Screen Tablet Accessories > Cases & Sleeves > Cases,23,pending_asin_lookup
B009QX8KW2,,unknown item,Cables & Interconnects > Video Cables > HDMI Cables,23,pending_asin_lookup
B00B394K8K,,unknown item,Computers & Accessories > Touch Screen Tablet Accessories > Screen Protectors,23,pending_asin_lookup
B00B3PDH5G,,unknown item,Xbox 360 > Accessories > Headsets,23,pending_asin_lookup
B00DQZTS8Q,,unknown item,"Kindle Accessories > Screen Protectors > Kindle Fire HDX 8.9"" Screen Protectors",23,pending_asin_lookup
B00EDSI8HW,,unknown item,Software > Operating Systems > Microsoft Windows,23,pending_asin_lookup
B00FWZVMO6,,unknown item,Touch Screen Tablet Accessories > Cases & Sleeves > Cases,23,pending_asin_lookup
B001DNGCN2,,unknown item,PlayStation 3 > Accessories > Cables & Adapters,22,pending_asin_lookup
B001TYRYHS,,unknown item,Accessories & Supplies > Electronics > Computers & Accessories,22,pending_asin_lookup
B002Y27P4Q,,unknown item,Kindle Accessories > Power Adapters > Kindle Keyboard Power Adapters,22,pending_asin_lookup
B003FMUP0U,,unknown item,GPS & Navigation > GPS System Accessories > Vehicle Mounts,22,pending_asin_lookup
B003U7WCEM,,unknown item,Cables & Interconnects > Video Cables > HDMI Cables,22,pending_asin_lookup
B004AX6Z3Y,,unknown item,Computers & Accessories > Touch Screen Tablet Accessories > Stands,22,pending_asin_lookup
B004SD262U,,unknown item,Electronics > eBook Readers & Accessories > Covers,22,pending_asin_lookup
B005KDY8NM,,unknown item,Electronics > eBook Readers & Accessories > Covers,22,pending_asin_lookup
B007V9W7VI,,unknown item,Touch Screen Tablet Accessories > Cases & Sleeves > Cases,22,pending_asin_lookup
B008BERH08,,unknown item,Industrial Electrical > Thermal Management Products > Computer Heatsinks,22,pending_asin_lookup
B008GGH5PI,,unknown item,Touch Screen Tablet Accessories > Cases & Sleeves > Cases,22,pending_asin_lookup
B008S2D7K2,,unknown item,Kindle Accessories > Audio > Kindle Fire Audio,22,pending_asin_lookup
B009X00E18,,unknown item,Touch Screen Tablet Accessories > Cases & Sleeves > Cases,22,pending_asin_lookup
B00BGIQRNO,,unknown item,Kindle Accessories > Covers > Kindle Fire Covers,22,pending_asin_lookup
B00D96BMV8,,unknown item,Xbox One > Accessories > Headsets,22,pending_asin_lookup
B00DQZO0R0,,unknown item,Electronics > eBook Readers & Accessories > Covers,22,pending_asin_lookup
B001PIY49O,,unknown item,Accessories > Batteries & Chargers > Chargers,21,pending_asin_lookup
B0032GTMEE,,unknown item,Computers & Accessories > Laptop & Netbook Computer Accessories > Chargers & Adapters,21,pending_asin_lookup
B004E8WZXY,,unknown item,Electronics > eBook Readers & Accessories > Covers,21,pending_asin_lookup
B004YC4NH6,,unknown item,Touch Screen Tablet Accessories > Toys & Games > Electronics for Kids,21,pending_asin_lookup
B005I6DI7I,,unknown item,Electronics > eBook Readers & Accessories > Covers,21,pending_asin_lookup
B005K2XM94,,unknown item,Kindle Accessories > Sleeves > Kindle Fire Sleeves,21,pending_asin_lookup
B005Z452U4,,unknown item,Skins & Decals > Office Products > Office Electronics,21,pending_asin_lookup
B007V93P1E,,unknown item,Touch Screen Tablet Accessories > Cases & Sleeves > Sleeves,21,pending_asin_lookup
B007VA05HU,,unknown item,Touch Screen Tablet Accessories > Cases & Sleeves > Cases,21,pending_asin_lookup
B00886XQO0,,unknown item,Xbox 360 > Accessories > Headsets,21,pending_asin_lookup
B00A3YDPWS,,unknown item,Touch Screen Tablet Accessories > Cases & Sleeves > Sleeves,21,pending_asin_lookup
B00AOAAMBS,,unknown item,Touch Screen Tablet Accessories > Cases & Sleeves > Cases,21,pending_asin_lookup
B00BYH3TTM,,unknown item,Kindle Store > Kindle Accessories > Styluses,21,pending_asin_lookup
B00DQGII1I,,unknown item,Kindle Accessories > Extended Warranties > Kindle Paperwhite Extended Warranties,21,pending_asin_lookup
B001EBLQ70,,unknown item,"Accessories & Supplies > Batteries, Chargers & Accessories > AC Adapters",20,pending_asin_lookup
B001MW91IW,,unknown item,PlayStation 2 > Hardware > Accessories,20,pending_asin_lookup
B00286Q7WO,,unknown item,Computers & Accessories > Touch Screen Tablet Accessories > Screen Protectors,20,pending_asin_lookup
B003QWYX8E,,unknown item,Nintendo DS > Accessories > Cases & Protectors,20,pending_asin_lookup
B003VPABRS,,unknown item,Sleeves > Kindle Store > Kindle Accessories,20,pending_asin_lookup
B004E8Z3KQ,,unknown item,Electronics > eBook Readers & Accessories > Covers,20,pending_asin_lookup
B0052B9QOI,,unknown item,Cables & Accessories > Input Devices > Graphics Tablet Styluses,20,pending_asin_lookup
B005U4Y5FW,,unknown item,Electronics > eBook Readers & Accessories > Sleeves,20,pending_asin_lookup
B009OZYIA0,,unknown item,Electronics > Television & Video > Video Glasses,20,pending_asin_lookup
B009RH99H2,,unknown item,Touch Screen Tablet Accessories > Cases & Sleeves > Cases,20,pending_asin_lookup
B00AO7DC9K,,unknown item,Accessories > Lens Accessories > Lens Caps,20,pending_asin_lookup
B00C1AGE6G,,unknown item,Touch Screen Tablet Accessories > Cases & Sleeves > Cases,20,pending_asin_lookup
B000KK1MAC,,unknown item,Computers & Accessories > Touch Screen Tablet Accessories > Cases & Sleeves,19,pending_asin_lookup
B000SJ5ZX0,,unknown item,Cables & Interconnects > Video Cables > Composite Video,19,pending_asin_lookup
B001NIZB5M,,unknown item,Electronics > eBook Readers & Accessories > Power Adapters,19,pending_asin_lookup
B0042AM7HI,,unknown item,Electronics > eBook Readers & Accessories > Skins,19,pending_asin_lookup
B005BUYXWA,,unknown item,Cables & Accessories > Input Devices > Graphics Tablet Styluses,19,pending_asin_lookup
B005TN0MMO,,unknown item,Touch Screen Tablet Accessories > Cases & Sleeves > Cases,19,pending_asin_lookup
B007X6M386,,unknown item,Cables & Accessories > Cables & Interconnects > USB Cables,19,pending_asin_lookup
B0086V5TVU,,unknown item,Accessories > Controllers > Dance Mats,19,pending_asin_lookup
B008UH8SRM,,unknown item,Computers & Accessories > Touch Screen Tablet Accessories > Chargers & Adapters,19,pending_asin_lookup
B00DQZO3JK,,unknown item,Kindle Accessories > Covers > Kindle Fire HDX Covers,19,pending_asin_lookup
B00GA562HO,,unknown item,Kindle Accessories > Covers > Kindle Fire HDX Covers,19,pending_asin_lookup
B000HVVO98,,unknown item,Video Games > Nintendo DS > Accessories,18,pending_asin_lookup
B001W1TZTS,,unknown item,Kindle Accessories > Power Adapters > Kindle DX Adapters,18,pending_asin_lookup
B004SK60JS,,unknown item,Electronics > eBook Readers & Accessories > Covers,18,pending_asin_lookup
B00EZPXTOU,,unknown item,Software > Antivirus & Security > Internet Security,18,pending_asin_lookup
B000HM1GUY,,unknown item,Video Games > Xbox 360 > Accessories,17,pending_asin_lookup
B000N91ZP2,,unknown item,Electronics > Portable Audio & Video,17,pending_asin_lookup
B002IXZ5DE,,unknown item,Networking Products > Network Adapters > USB Network Adapters,17,pending_asin_lookup
B003RS1AIS,,unknown item,Video Games > Xbox 360 > Accessories,17,pending_asin_lookup
B004E8X6FU,,unknown item,Electronics > eBook Readers & Accessories > Covers,17,pending_asin_lookup
B005DMX1OM,,unknown item,Video Surveillance > Surveillance Cameras > Bullet Cameras,17,pending_asin_lookup
B005N662DU,,unknown item,Computers & Accessories > Networking Products > Print Servers,17,pending_asin_lookup
B005OSFUL2,,unknown item,Xbox 360 > Accessories > Headsets,17,pending_asin_lookup
B005OTESFK,,unknown item,Electronics > eBook Readers & Accessories > Power Adapters,17,pending_asin_lookup
B0069SGO48,,unknown item,Electronics > eBook Readers & Accessories > Covers,17,pending_asin_lookup
B0096YTSL8,,unknown item,Electronics > eBook Readers & Accessories > Stands,17,pending_asin_lookup
B0097GCUT2,,unknown item,Touch Screen Tablet Accessories > Cases & Sleeves > Cases,17,pending_asin_lookup
B00ASKNT3W,,unknown item,Xbox 360 > Accessories > Headsets,17,pending_asin_lookup
B00DQZQ16S,,unknown item,Kindle Accessories > Screen Protectors > Kindle Fire HDX Screen Protectors,17,pending_asin_lookup
B002MQLPJ0,,unknown item,Wii > Accessories > Accessory Kits,16,pending_asin_lookup
B002QI0X1K,,unknown item,Electronics > eBook Readers & Accessories > Covers,16,pending_asin_lookup
B003U4VIWW,,unknown item,Electronics > eBook Readers & Accessories > Sleeves,16,pending_asin_lookup
B004LSUQZQ,,unknown item,Touch Screen Tablet Accessories > Cases & Sleeves > Sleeves,16,pending_asin_lookup
B0050K9MG8,,unknown item,Electronics > eBook Readers & Accessories > Reading Lights,16,pending_asin_lookup
B005BUWQ5G,,unknown item,Cables & Accessories > Input Devices > Graphics Tablet Styluses,16,pending_asin_lookup
B005Z451KK,,unknown item,Skins & Decals > Office Products > Office Electronics,16,pending_asin_lookup
B0065L3GKY,,unknown item,Electronics > eBook Readers & Accessories > Reading Lights,16,pending_asin_lookup
B0096UH6DY,,unknown item,Computers & Accessories > Touch Screen Tablet Accessories > Screen Protectors,16,pending_asin_lookup
B009RH9BOS,,unknown item,Touch Screen Tablet Accessories > Cases & Sleeves > Cases,16,pending_asin_lookup
B00DQZT0AC,,unknown item,"Kindle Accessories > Covers > Kindle Fire HDX 8.9"" Covers",16,pending_asin_lookup
B000QJ6KXQ,,unknown item,Cables & Accessories > Memory Cards > SD & SDHC Cards,15,pending_asin_lookup
B002LLK5CO,,unknown item,Software > Education & Reference > Maps & Atlases,15,pending_asin_lookup
B0043GT9Y0,,unknown item,Lighting > Strobe Lighting > Monolights,15,pending_asin_lookup
B0057UNPQO,,unknown item,Accessories & Supplies > Audio & Video Accessories > Video Converters,15,pending_asin_lookup
B0057WWP2W,,unknown item,Computers & Accessories > Laptop & Netbook Computer Accessories > Chargers & Adapters,15,pending_asin_lookup
B005C84H54,,unknown item,Computers & Accessories > Cables & Accessories > Computer Cable Adapters,15,pending_asin_lookup
B005PQ1V20,,unknown item,Accessories & Supplies > Audio & Video Accessories > Headphones,15,pending_asin_lookup
B005TQES58,,unknown item,Electronics > eBook Readers & Accessories > Skins,15,pending_asin_lookup
B006AFO1YK,,unknown item,Computers & Accessories > Touch Screen Tablet Accessories > Bundles,15,pending_asin_lookup
B0073J8BYS,,unknown item,PlayStation 3 > Accessories > Accessory Kits,15,pending_asin_lookup
B007V9ZNBY,,unknown item,Touch Screen Tablet Accessories > Cases & Sleeves > Cases,15,pending_asin_lookup
B00886XQNQ,,unknown item,Xbox One > Accessories > Headsets,15,pending_asin_lookup
B008GGH530,,unknown item,Touch Screen Tablet Accessories > Cases & Sleeves > Cases,15,pending_asin_lookup
B009AMBEKY,,unknown item,Electronics > eBook Readers & Accessories > Skins,15,pending_asin_lookup
B00B5HQZSI,,unknown item,Electronics > eBook Readers & Accessories > Covers,15,pending_asin_lookup
B00G4FCKB2,,unknown item,Kindle Accessories > Covers > Kindle Touch Covers (Previous Generation),15,pending_asin_lookup
B00013M6NU,,unknown item,Batteries & Chargers > Battery Chargers > Camera,14,pending_asin_lookup
B004PC84B6,,unknown item,Electronics > eBook Readers & Accessories > Reading Lights,14,pending_asin_lookup
B005K2XY88,,unknown item,Kindle Accessories > Sleeves > Kindle Fire Sleeves,14,pending_asin_lookup
B0062QPK6U,,unknown item,Electronics > eBook Readers & Accessories > Sleeves,14,pending_asin_lookup
B006ALQD6S,,unknown item,Electronics > eBook Readers & Accessories > Covers,14,pending_asin_lookup
B006JU8GA6,,unknown item,Touch Screen Tablet Accessories > Cases & Sleeves > Sleeves,14,pending_asin_lookup
B006P1JG3K,,unknown item,Electronics > eBook Readers & Accessories > Covers,14,pending_asin_lookup
B0072LGI42,,unknown item,PlayStation Vita > Accessories > Cases & Protectors,14,pending_asin_lookup
B0080XGJPY,,unknown item,MP3 Player Accessories > Chargers > Wall Chargers,14,pending_asin_lookup
B008EQJDFA,,unknown item,Cables & Accessories > Memory Cards > Micro SD Cards,14,pending_asin_lookup
B008V4S1C6,,unknown item,Line Conditioners > Software > Antivirus & Security,14,pending_asin_lookup
B008X9ZAR8,,unknown item,Touch Screen Tablet Accessories > Cases & Sleeves > Cases,14,pending_asin_lookup
B008X9ZDGG,,unknown item,Touch Screen Tablet Accessories > Cases & Sleeves > Cases,14,pending_asin_lookup
B009RH9DB4,,unknown item,Touch Screen Tablet Accessories > Cases & Sleeves > Cases,14,pending_asin_lookup
B00DQZQ5T6,,unknown item,Kindle Store > Kindle Accessories > Covers,14,pending_asin_lookup
B00EZPCX1A,,unknown item,Video Games > Nintendo 3DS > Consoles,14,pending_asin_lookup
B00H09BO2M,,unknown item,Software > Operating Systems > Microsoft Windows,14,pending_asin_lookup
B00HRKE1SI,,unknown item,Xbox One > Accessories > Headsets,14,pending_asin_lookup
B001PPGG2U,,unknown item,Electronics > eBook Readers & Accessories > Power Adapters,13,pending_asin_lookup
B0026IBJNQ,,unknown item,Electronics > eBook Readers & Accessories > Covers,13,pending_asin_lookup
B0026RHUNK,,unknown item,Electronics > eBook Readers & Accessories > Covers,13,pending_asin_lookup
B002HK32XI,,unknown item,Electronics > eBook Readers & Accessories > Power Adapters,13,pending_asin_lookup
B003DZ164I,,unknown item,Electronics > eBook Readers & Accessories > Covers,13,pending_asin_lookup
B0042PUW2A,,unknown item,Xbox 360 > Accessories > Headsets,13,pending_asin_lookup
B004JXVOEU,,unknown item,Electronics > eBook Readers & Accessories > Covers,13,pending_asin_lookup
B004JXVOFE,,unknown item,Electronics > eBook Readers & Accessories > Covers,13,pending_asin_lookup
B004TNCN8Q,,unknown item,Electronics > eBook Readers & Accessories > Reading Lights,13,pending_asin_lookup
B005I6DIPU,,unknown item,Electronics > eBook Readers & Accessories > Sleeves,13,pending_asin_lookup
B005IGP7J0,,unknown item,Accessories & Supplies > Telephone Accessories > Batteries,13,pending_asin_lookup
B005TN0P7Q,,unknown item,Electronics > eBook Readers & Accessories > Stands,13,pending_asin_lookup
B008PWUUZK,,unknown item,Electronics > eBook Readers & Accessories > Covers,13,pending_asin_lookup
B008PWUWLC,,unknown item,Touch Screen Tablet Accessories > Cases & Sleeves > Cases,13,pending_asin_lookup
B0096T9886,,unknown item,Touch Screen Tablet Accessories > Cases & Sleeves > Cases,13,pending_asin_lookup
B009GU8JHG,,unknown item,Electronics > eBook Readers & Accessories > Skins,13,pending_asin_lookup
B009UHC5X4,,unknown item,Touch Screen Tablet Accessories > Cases & Sleeves > Cases,13,pending_asin_lookup
B009WJXTOO,,unknown item,Computers & Accessories > Touch Screen Tablet Accessories > Bundles,13,pending_asin_lookup
B00BGIQRDE,,unknown item,Touch Screen Tablet Accessories > Cases & Sleeves > Cases,13,pending_asin_lookup
B00BNK3JWM,,unknown item,Electronics > eBook Readers & Accessories > Covers,13,pending_asin_lookup
B00BOTAI0I,,unknown item,Touch Screen Tablet Accessories > Cases & Sleeves > Cases,13,pending_asin_lookup
B00FQ1NHA8,,unknown item,Kindle Accessories > Covers > All-New Kindle Fire HD Covers,13,pending_asin_lookup
B00GA55Y0K,,unknown item,Kindle Accessories > Covers > All-New Kindle Fire HD Covers,13,pending_asin_lookup
B000KBKBBM,,unknown item,Video Games > Wii > Accessories,12,pending_asin_lookup
B00140R0XK,,unknown item,Accessories > Controllers > Racing Wheels,12,pending_asin_lookup
B0026GJHVY,,unknown item,Electronics > eBook Readers & Accessories > Covers,12,pending_asin_lookup
B002EB15WU,,unknown item,Accessories > Controllers > Drums,12,pending_asin_lookup
B002L3VZ3U,,unknown item,Electronics > eBook Readers & Accessories > Power Adapters,12,pending_asin_lookup
B002QDQ67A,,unknown item,Electronics > eBook Readers & Accessories > Covers,12,pending_asin_lookup
B002VEC45W,,unknown item,Electronics > eBook Readers & Accessories > Reading Lights,12,pending_asin_lookup
B003F5C0PK,,unknown item,Electronics > eBook Readers & Accessories > Covers,12,pending_asin_lookup
B003VPABNM,,unknown item,Sleeves > Kindle Store > Kindle Accessories,12,pending_asin_lookup
B00406MWZQ,,unknown item,Electronics > eBook Readers & Accessories > Reading Lights,12,pending_asin_lookup
B0046L7X0E,,unknown item,Electronics > eBook Readers & Accessories > Covers,12,pending_asin_lookup
B0047JT92U,,unknown item,Electronics > eBook Readers & Accessories > Skins,12,pending_asin_lookup
B00495XLZS,,unknown item,Electronics > eBook Readers & Accessories > Covers,12,pending_asin_lookup
B004FJK1HO,,unknown item,Electronics > eBook Readers & Accessories > Covers,12,pending_asin_lookup
B004GEB9EW,,unknown item,Electronics > eBook Readers & Accessories > Sleeves,12,pending_asin_lookup
B004HIVBJ0,,unknown item,Electronics > eBook Readers & Accessories > Covers,12,pending_asin_lookup
B0052VZTUI,,unknown item,Cables & Accessories > Input Devices > Graphics Tablet Styluses,12,pending_asin_lookup
B005QL1H3W,,unknown item,Electronics > eBook Readers & Accessories > Covers,12,pending_asin_lookup
B005QZXCYK,,unknown item,Electronics > eBook Readers & Accessories > Covers,12,pending_asin_lookup
B0069Y2BVC,,unknown item,Computers & Accessories > Touch Screen Tablet Accessories > Chargers & Adapters,12,pending_asin_lookup
B006O3425Q,,unknown item,Electronics > eBook Readers & Accessories > Covers,12,pending_asin_lookup
B006TG7KWU,,unknown item,Electronics > eBook Readers & Accessories > Covers,12,pending_asin_lookup
B007MLLKDG,,unknown item,Electronics > eBook Readers & Accessories > Reading Lights,12,pending_asin_lookup
B0099E59SG,,unknown item,Cables & Accessories > Cables & Interconnects > USB Cables,12,pending_asin_lookup
B009A4CRLC,,unknown item,Computers & Accessories > Touch Screen Tablet Accessories > Chargers & Adapters,12,pending_asin_lookup
B00DD7204G,,unknown item,Touch Screen Tablet Accessories > Cases & Sleeves > Sleeves,12,pending_asin_lookup
B00DQZT38G,,unknown item,"Kindle Accessories > Covers > Kindle Fire HDX 8.9"" Covers",12,pending_asin_lookup
B0032Z4OMA,,unknown item,Cables & Interconnects > Video Cables > Composite Video,11,pending_asin_lookup
B0038KORSA,,unknown item,Computers & Accessories > Cables & Accessories > Memory Card Readers,11,pending_asin_lookup
B003J8RHKG,,unknown item,Camera & Photo > Tripods & Monopods > Complete Tripods,11,pending_asin_lookup
B003V3GW82,,unknown item,Computers & Accessories > Networking Products > Hubs,11,pending_asin_lookup
B004AM5AHW,,unknown item,Electronics > Computers & Accessories > Tablets,11,pending_asin_lookup
B004BZN9DA,,unknown item,Computers & Accessories > Cables & Accessories > Headsets & Microphones,11,pending_asin_lookup
B004HNEPHU,,unknown item,Electronics > Computers & Accessories > Touch Screen Tablet Accessories,11,pending_asin_lookup
B005DOKG70,,unknown item,Kindle Accessories > Power Adapters > Kindle Touch Power Adapters,11,pending_asin_lookup
B005G5EAGE,,unknown item,Touch Screen Tablet Accessories > Tools & Home Improvement > Kitchen & Bath Fixtures,11,pending_asin_lookup
B005L38XLY,,unknown item,Electronics > eBook Readers & Accessories > Power Adapters,11,pending_asin_lookup
B005QFH4L2,,unknown item,Computers & Accessories > Touch Screen Tablet Accessories > Screen Protectors,11,pending_asin_lookup
B006JKARVW,,unknown item,Computers & Accessories > Laptop & Netbook Computer Accessories > Chargers & Adapters,11,pending_asin_lookup
B006MHYE0C,,unknown item,Electronics > eBook Readers & Accessories > Stands,11,pending_asin_lookup
B006N1TF7E,,unknown item,Computers & Accessories > Touch Screen Tablet Accessories > Screen Protectors,11,pending_asin_lookup
B006ZAYKA0,,unknown item,Electronics > eBook Readers & Accessories > Screen Protectors,11,pending_asin_lookup
B007E7Z1UG,,unknown item,Computers & Accessories > Laptop & Netbook Computer Accessories > Batteries,11,pending_asin_lookup
B007RKXN46,,unknown item,Accessories & Supplies > Audio & Video Accessories > Connectors & Adapters,11,pending_asin_lookup
B0097C0RSM,,unknown item,Computers & Accessories > Touch Screen Tablet Accessories > Screen Protectors,11,pending_asin_lookup
B009UXYHWK,,unknown item,Electronics > eBook Readers & Accessories > Stands,11,pending_asin_lookup
B009YN8998,,unknown item,Electronics > eBook Readers & Accessories > Screen Protectors,11,pending_asin_lookup
B00BHRQI4C,,unknown item,Computers & Accessories > Touch Screen Tablet Accessories > Bundles,11,pending_asin_lookup
B00C0ZAY8G,,unknown item,Touch Screen Tablet Accessories > Cases & Sleeves > Cases,11,pending_asin_lookup
B00GD962OA,,unknown item,Video Games > Wii U > Consoles,11,pending_asin_lookup
B000I6JZGQ,,unknown item,Electronics > eBook Readers & Accessories > Power Adapters,10,pending_asin_lookup
B000I6P1I2,,unknown item,Electronics > eBook Readers & Accessories > Covers,10,pending_asin_lookup
B000IAPGIS,,unknown item,Cables & Interconnects > Video Cables > Component Video,10,pending_asin_lookup
B001LY0QJ4,,unknown item,Wii > Accessories > Controllers,10,pending_asin_lookup
B002Q5N21G,,unknown item,Electronics > eBook Readers & Accessories > Covers,10,pending_asin_lookup
B002QDMUQQ,,unknown item,Electronics > eBook Readers & Accessories > Covers,10,pending_asin_lookup
B0037LXWM2,,unknown item,Computers & Accessories > Laptop & Netbook Computer Accessories > Chargers & Adapters,10,pending_asin_lookup
B003DS4Z6Q,,unknown item,"Accessories & Supplies > Batteries, Chargers & Accessories > AC Adapters",10,pending_asin_lookup
B003DZ1652,,unknown item,Electronics > eBook Readers & Accessories > Covers,10,pending_asin_lookup
B003FZA1OC,,unknown item,Electronics > eBook Readers & Accessories > Reading Lights,10,pending_asin_lookup
B003I8G82U,,unknown item,Electronics > eBook Readers & Accessories > Stands,10,pending_asin_lookup
B0040GJITO,,unknown item,Electronics > eBook Readers & Accessories > Skins,10,pending_asin_lookup
B00419ZT4I,,unknown item,Audio & Video Accessories > Cleaning & Repair > Lens Cleaners,10,pending_asin_lookup
B0045EOWNS,,unknown item,Electronics > eBook Readers & Accessories > Covers,10,pending_asin_lookup
B004D39RJU,,unknown item,Electronics > eBook Readers & Accessories > Reading Lights,10,pending_asin_lookup
B004FRNDBC,,unknown item,Electronics > eBook Readers & Accessories > Covers,10,pending_asin_lookup
B004JXVODQ,,unknown item,Electronics > eBook Readers & Accessories > Covers,10,pending_asin_lookup
B004R9OVEG,,unknown item,PlayStation 3 > Accessories > Accessory Kits,10,pending_asin_lookup
B0054R4AXW,,unknown item,Computers & Accessories > Touch Screen Tablet Accessories > Bundles,10,pending_asin_lookup
B005K2Z99U,,unknown item,Electronics > eBook Readers & Accessories > Sleeves,10,pending_asin_lookup
B005XX6Q0C,,unknown item,Electronics > eBook Readers & Accessories > Covers,10,pending_asin_lookup
B005Z452F4,,unknown item,Skins & Decals > Office Products > Office Electronics,10,pending_asin_lookup
B0067UUE5S,,unknown item,Electronics > eBook Readers & Accessories > Covers,10,pending_asin_lookup
B006ALS866,,unknown item,Electronics > eBook Readers & Accessories > Covers,10,pending_asin_lookup
B006CC811U,,unknown item,Electronics > eBook Readers & Accessories > Covers,10,pending_asin_lookup
B006JU8GI8,,unknown item,Touch Screen Tablet Accessories > Cases & Sleeves > Cases,10,pending_asin_lookup
B006MH3MNW,,unknown item,Computers & Accessories > Touch Screen Tablet Accessories > Screen Protectors,10,pending_asin_lookup
B0079R8MRU,,unknown item,Kindle Accessories > Covers > Kindle Paperwhite Covers,10,pending_asin_lookup
B007RFZDL2,,unknown item,Software > Education & Reference > Maps & Atlases,10,pending_asin_lookup
B007W7PJ78,,unknown item,Electronics > eBook Readers & Accessories > Reading Lights,10,pending_asin_lookup
B008HK3U6Q,,unknown item,Electronics > eBook Readers & Accessories > Covers,10,pending_asin_lookup
B008I62BMI,,unknown item,Electronics > Electronics Warranties,10,pending_asin_lookup
B008K47ODY,,unknown item,Cables & Accessories > Cables & Interconnects > USB Cables,10,pending_asin_lookup
B008X9ZBAE,,unknown item,Touch Screen Tablet Accessories > Cases & Sleeves > Cases,10,pending_asin_lookup
B00981YEBS,,unknown item,Touch Screen Tablet Accessories > Cases & Sleeves > Cases,10,pending_asin_lookup
B0098OXMFO,,unknown item,Computers & Accessories > Touch Screen Tablet Accessories > Screen Protectors,10,pending_asin_lookup
B00BOTAIYE,,unknown item,Touch Screen Tablet Accessories > Cases & Sleeves > Cases,10,pending_asin_lookup
B00CAUTK0E,,unknown item,Electronics > Television & Video > Video Glasses,10,pending_asin_lookup
B00D7OMDXS,,unknown item,Vehicle Electronics Accessories > Audio & Video Accessories > Power Adapters,10,pending_asin_lookup
B00DQZPM72,,unknown item,Kindle Accessories > Covers > Kindle Fire HDX Covers,10,pending_asin_lookup
B00E39E6FE,,unknown item,Computers & Accessories > Computer Components > Motherboards,10,pending_asin_lookup
B00E6LIEFW,,unknown item,Software > Accounting & Finance > Business Accounting,10,pending_asin_lookup
B00EI4V3FU,,unknown item,Video Games > PlayStation 4 > Accessories,10,pending_asin_lookup
B00G3KA7RW,,unknown item,Kindle Accessories > Covers > Kindle Touch Covers (Previous Generation),10,pending_asin_lookup
B00000JD3O,,unknown item,Car & Vehicle Electronics > Vehicle Electronics Accessories > Audio & Video Accessories,9,pending_asin_lookup
B0009BB644,,unknown item,Computers & Accessories > Cables & Accessories > Mice,9,pending_asin_lookup
B000KI99SG,,unknown item,PlayStation 3 > Accessories > Cables & Adapters,9,pending_asin_lookup
B0010ZPZAO,,unknown item,Electronics > eBook Readers & Accessories > Covers,9,pending_asin_lookup
B001UFVT22,,unknown item,Electronics > eBook Readers & Accessories > Bundles,9,pending_asin_lookup
B001W3RSE0,,unknown item,Electronics > eBook Readers & Accessories > Covers,9,pending_asin_lookup
B002J9QIWY,,unknown item,"Accessories & Supplies > Batteries, Chargers & Accessories > AC Adapters",9,pending_asin_lookup
B0039SLVT4,,unknown item,Accessories > Controllers > Joysticks,9,pending_asin_lookup
B003AOZS1Y,,unknown item,Computers & Accessories > Laptop & Netbook Computer Accessories > Docking Stations,9,pending_asin_lookup
B003D5MZRK,,unknown item,Camera & Photo > Bags & Cases > Camera Cases,9,pending_asin_lookup
B003VPABGO,,unknown item,Sleeves > Kindle Store > Kindle Accessories,9,pending_asin_lookup
B003YBUSMW,,unknown item,Accessories > Controllers > Racing Wheels,9,pending_asin_lookup
B003ZUXVSK,,unknown item,Electronics > eBook Readers & Accessories > Covers,9,pending_asin_lookup
B0040GJIVC,,unknown item,Electronics > eBook Readers & Accessories > Skins,9,pending_asin_lookup
B0041G69DQ,,unknown item,Electronics > eBook Readers & Accessories > Skins,9,pending_asin_lookup
B004289Z5W,,unknown item,Electronics > eBook Readers & Accessories > Bundles,9,pending_asin_lookup
B00432IONG,,unknown item,Electronics > eBook Readers & Accessories > Covers,9,pending_asin_lookup
B004FHCRVE,,unknown item,Electronics > eBook Readers & Accessories > Covers,9,pending_asin_lookup
B004H45NG6,,unknown item,Software > Antivirus & Security > Internet Security,9,pending_asin_lookup
B004JXVOFY,,unknown item,Electronics > eBook Readers & Accessories > Covers,9,pending_asin_lookup
B004QMT9D2,,unknown item,Software > Video > DVD Viewing & Burning,9,pending_asin_lookup
B004SD27OC,,unknown item,Kindle Accessories > Sleeves > Kindle Touch Sleeves,9,pending_asin_lookup
B004X236WU,,unknown item,Electronics > eBook Readers & Accessories > Covers,9,pending_asin_lookup
B004X237B0,,unknown item,Electronics > eBook Readers & Accessories > Covers,9,pending_asin_lookup
B005D9LG6K,,unknown item,Cables & Accessories > Headsets & Microphones > PC Headsets,9,pending_asin_lookup
B005DSMYLW,,unknown item,Computers & Accessories > Touch Screen Tablet Accessories > Screen Protectors,9,pending_asin_lookup
B005GSRKT0,,unknown item,Cables & Accessories > Input Devices > Graphics Tablet Styluses,9,pending_asin_lookup
B005GSS7PQ,,unknown item,Cables & Accessories > Input Devices > Graphics Tablet Styluses,9,pending_asin_lookup
B005KELWXK,,unknown item,Electronics > eBook Readers & Accessories > Covers,9,pending_asin_lookup
B005TQEOKM,,unknown item,Electronics > eBook Readers & Accessories > Skins,9,pending_asin_lookup
B006W41X2C,,unknown item,PlayStation 3 > Accessories > Headsets,9,pending_asin_lookup
B007PLC1AE,,unknown item,Computers & Accessories > Cables & Accessories > Keyboards,9,pending_asin_lookup
B007V9NQ4A,,unknown item,Touch Screen Tablet Accessories > Cases & Sleeves > Cases,9,pending_asin_lookup
B007VA78HA,,unknown item,Touch Screen Tablet Accessories > Cases & Sleeves > Cases,9,pending_asin_lookup
B007ZW4WI2,,unknown item,Video Games > PlayStation 3 > Accessories,9,pending_asin_lookup
B0086QLF8Q,,unknown item,Software > Music > Music Notation,9,pending_asin_lookup
B00886XQHM,,unknown item,Xbox 360 > Accessories > Headsets,9,pending_asin_lookup
B008I3POOS,,unknown item,Electronics > Computers & Accessories > Touch Screen Tablet Accessories,9,pending_asin_lookup
B008L2NCNQ,,unknown item,Touch Screen Tablet Accessories > Cases & Sleeves > Cases,9,pending_asin_lookup
B008S2DC1Q,,unknown item,Electronics > eBook Readers & Accessories > Covers,9,pending_asin_lookup
B008S2DC84,,unknown item,Electronics > eBook Readers & Accessories > Covers,9,pending_asin_lookup
B009A4B7KY,,unknown item,Computers & Accessories > Touch Screen Tablet Accessories > Chargers & Adapters,9,pending_asin_lookup
B009GU8M6Y,,unknown item,Kindle Store > Kindle Accessories > Skins,9,pending_asin_lookup
B009GU8MK0,,unknown item,Electronics > eBook Readers & Accessories > Skins,9,pending_asin_lookup
B009IZMTJI,,unknown item,Kindle Accessories > Audio > Kindle Touch Audio,9,pending_asin_lookup
B009N8F23A,,unknown item,Computers & Accessories > Touch Screen Tablet Accessories > Screen Protectors,9,pending_asin_lookup
B009SPJ05E,,unknown item,Computer Components > Software > Business & Office,9,pending_asin_lookup
B00A48IMTO,,unknown item,Computers & Accessories > Data Storage > External Hard Drives,9,pending_asin_lookup
B00AJYWKDM,,unknown item,Vehicle Electronics Accessories > Audio & Video Accessories > Audio Car Mounts,9,pending_asin_lookup
B00BG5B4V2,,unknown item,Touch Screen Tablet Accessories > Cases & Sleeves > Cases,9,pending_asin_lookup
B00BNKR0ZY,,unknown item,Electronics > eBook Readers & Accessories > Sleeves,9,pending_asin_lookup
B00DQZSBUC,,unknown item,Kindle Accessories > Covers > All-New Kindle Fire HD Covers,9,pending_asin_lookup
B00EDSI7K0,,unknown item,Software > Operating Systems > Microsoft Windows,9,pending_asin_lookup
B00GDDQRH8,,unknown item,Kindle Store > Kindle Accessories > Covers,9,pending_asin_lookup
B000G1NWYO,,unknown item,Stereo Components > Speakers > Floorstanding Speakers,8,pending_asin_lookup
B000PT18OS,,unknown item,Accessories > Cables & Adapters > Adapters,8,pending_asin_lookup
B000SL4IIG,,unknown item,Video Games > More Systems > Sega Dreamcast,8,pending_asin_lookup
B000VY4R7M,,unknown item,Computers & Accessories > Cables & Accessories > Cables & Interconnects,8,pending_asin_lookup
B001GXI4LM,,unknown item,Cables & Accessories > Memory Cards > Memory Sticks,8,pending_asin_lookup
B001PGXKCS,,unknown item,Accessories & Supplies > Cord Management > Cable Ties,8,pending_asin_lookup
B001TL5QIA,,unknown item,Electronics > eBook Readers & Accessories > Power Adapters,8,pending_asin_lookup
B001UELXT2,,unknown item,Electronics > eBook Readers & Accessories > Skins,8,pending_asin_lookup
B001W1XT40,,unknown item,Kindle Accessories > Power Adapters > Kindle DX Adapters,8,pending_asin_lookup
B001W75WE4,,unknown item,Electronics > eBook Readers & Accessories > Power Adapters,8,pending_asin_lookup
B002XR7V6Y,,unknown item,Electronics > Computers & Accessories > Cables & Accessories,8,pending_asin_lookup
B003CIPRYG,,unknown item,Electronics > eBook Readers & Accessories > Sleeves,8,pending_asin_lookup
B003D1606G,,unknown item,Software > Programming & Web Development > Development Utilities,8,pending_asin_lookup
B003MAHR4W,,unknown item,Cables & Interconnects > Video Cables > Component Video,8,pending_asin_lookup
B003ZWZ6VI,,unknown item,Electronics > eBook Readers & Accessories > Covers,8,pending_asin_lookup
B00405DHG0,,unknown item,Computer Components > Fans & Cooling > Heatsinks,8,pending_asin_lookup
B0043NH28S,,unknown item,Office Products > Office Furniture & Lighting > Carts & Stands,8,pending_asin_lookup
B00492CADK,,unknown item,Electronics > eBook Readers & Accessories > Covers,8,pending_asin_lookup
B004SJY2LC,,unknown item,Electronics > eBook Readers & Accessories > Covers,8,pending_asin_lookup
B0053B8IL4,,unknown item,Xbox 360 > Accessories > Headsets,8,pending_asin_lookup
B005KELU2S,,unknown item,Kindle Accessories > Sleeves > Kindle Fire Sleeves,8,pending_asin_lookup
B005TQEP38,,unknown item,Computers & Accessories > Touch Screen Tablet Accessories > Skins & Decals,8,pending_asin_lookup
B0064S7YQU,,unknown item,Touch Screen Tablet Accessories > Cases & Sleeves > Cases,8,pending_asin_lookup
B0067GO7Q4,,unknown item,Electronics > eBook Readers & Accessories > Covers,8,pending_asin_lookup
B0069W345G,,unknown item,Electronics > eBook Readers & Accessories > Reading Lights,8,pending_asin_lookup
B006CDVRME,,unknown item,Kindle Accessories > Covers > Kindle Fire Covers,8,pending_asin_lookup
B006DKEUWK,,unknown item,Touch Screen Tablet Accessories > Cases & Sleeves > Cases,8,pending_asin_lookup
B006GYHA8O,,unknown item,Computers & Accessories > Laptop & Netbook Computer Accessories > Chargers & Adapters,8,pending_asin_lookup
B006JDFFYS,,unknown item,Computers & Accessories > Touch Screen Tablet Accessories > Screen Protectors,8,pending_asin_lookup
B006LPCZME,,unknown item,Computers & Accessories > Touch Screen Tablet Accessories > Screen Protectors,8,pending_asin_lookup
B006WI65RG,,unknown item,Computers & Accessories > Touch Screen Tablet Accessories > Screen Protectors,8,pending_asin_lookup
B007R0RKPO,,unknown item,Bags & Cases > Software > Photography,8,pending_asin_lookup
B007TYZO88,,unknown item,Touch Screen Tablet Accessories > Cases & Sleeves > Cases,8,pending_asin_lookup
B008686GWY,,unknown item,Electronics > eBook Readers & Accessories > Sleeves,8,pending_asin_lookup
B00884SJKS,,unknown item,Electronics > eBook Readers & Accessories > Covers,8,pending_asin_lookup
B008HK3UCK,,unknown item,Touch Screen Tablet Accessories > Cases & Sleeves > Cases,8,pending_asin_lookup
B008HK3YEE,,unknown item,Touch Screen Tablet Accessories > Cases & Sleeves > Cases,8,pending_asin_lookup
B008PWUZN2,,unknown item,Electronics > eBook Readers & Accessories > Sleeves,8,pending_asin_lookup
B009GU8B3S,,unknown item,Kindle Store > Kindle Accessories > Skins,8,pending_asin_lookup
B009GU8NXG,,unknown item,Electronics > eBook Readers & Accessories > Skins,8,pending_asin_lookup
B009UHC5KC,,unknown item,Touch Screen Tablet Accessories > Cases & Sleeves > Cases,8,pending_asin_lookup
B00AH8GTTQ,,unknown item,Electronics > eBook Readers & Accessories > Covers,8,pending_asin_lookup
B00APUQPHW,,unknown item,Computers & Accessories > Touch Screen Tablet Accessories > Bundles,8,pending_asin_lookup
B00BYH3Y6U,,unknown item,Kindle Accessories > Covers > Kindle Touch Covers (Previous Generation),8,pending_asin_lookup
B00E5M3FTM,,unknown item,Video Games > Xbox One > Interactive Gaming Figures,8,pending_asin_lookup
B00EOAS4UA,,unknown item,Software > Antivirus & Security > Internet Security,8,pending_asin_lookup
B00EZPCWWA,,unknown item,Video Games > Nintendo DS > Consoles,8,pending_asin_lookup
B00H09C0U2,,unknown item,Software > Operating Systems > Microsoft Windows,8,pending_asin_lookup
B0007V46JI,,unknown item,Video Games > Sony PSP > Accessories,7,pending_asin_lookup
B000BDHSB0,,unknown item,Electronics > eBook Readers & Accessories > Covers,7,pending_asin_lookup
B000HWV8QG,,unknown item,Accessories & Supplies > Audio & Video Accessories > Headphones,7,pending_asin_lookup
B000W4C5WK,,unknown item,Electronics > Computers & Accessories > Touch Screen Tablet Accessories,7,pending_asin_lookup
B0012NDQD2,,unknown item,Cables & Accessories > Cables & Interconnects > USB Cables,7,pending_asin_lookup
B0015MMN6G,,unknown item,Computers & Accessories > Cables & Accessories > Memory Cards,7,pending_asin_lookup
B001REX9AQ,,unknown item,Electronics > eBook Readers & Accessories > Reading Lights,7,pending_asin_lookup
B0026IBJMM,,unknown item,Electronics > eBook Readers & Accessories > Covers,7,pending_asin_lookup
B0027M4CX0,,unknown item,Audio & Video Accessories > Cables & Interconnects > Power Cables,7,pending_asin_lookup
B0027ZAM9A,,unknown item,"Electronics > Accessories & Supplies > Batteries, Chargers & Accessories",7,pending_asin_lookup
B00292BTB6,,unknown item,Electronics > eBook Readers & Accessories > Sleeves,7,pending_asin_lookup
B002GEA4U4,,unknown item,Wii > Accessories > Accessory Kits,7,pending_asin_lookup
B002P3LPNG,,unknown item,Electronics > eBook Readers & Accessories > Sleeves,7,pending_asin_lookup
B0036VSCTG,,unknown item,Accessories > Batteries & Chargers > Chargers,7,pending_asin_lookup
B003DSENJK,,unknown item,Cables & Interconnects > Video Cables > Composite Video,7,pending_asin_lookup
B003FZA1OM,,unknown item,Electronics > eBook Readers & Accessories > Reading Lights,7,pending_asin_lookup
B003Q5J4NU,,unknown item,Wii > Accessories > Accessory Kits,7,pending_asin_lookup
B003ULODDG,,unknown item,Xbox 360 > Accessories > Headsets,7,pending_asin_lookup
B003ZJH1X2,,unknown item,Audio & Video Accessories > Headphone Accessories > Extension Cords,7,pending_asin_lookup
B0041A3JS0,,unknown item,Audio & Video Accessories > Cleaning & Repair > Lens Cleaners,7,pending_asin_lookup
B0042AM7L4,,unknown item,Kindle Accessories > Covers > Kindle Keyboard Covers (Previous Generation),7,pending_asin_lookup
B0045LG75M,,unknown item,Electronics > eBook Readers & Accessories > Covers,7,pending_asin_lookup
B00489ZUNQ,,unknown item,Electronics > eBook Readers & Accessories > Covers,7,pending_asin_lookup
B00495XLYO,,unknown item,Electronics > eBook Readers & Accessories > Covers,7,pending_asin_lookup
B004AW7DNQ,,unknown item,Electronics > eBook Readers & Accessories > Covers,7,pending_asin_lookup
B004FUU54C,,unknown item,Electronics > eBook Readers & Accessories > Covers,7,pending_asin_lookup
B004JXVODG,,unknown item,Electronics > eBook Readers & Accessories > Covers,7,pending_asin_lookup
B004NOF1DA,,unknown item,Electronics > eBook Readers & Accessories > Sleeves,7,pending_asin_lookup
B004P7CEBC,,unknown item,Electronics > eBook Readers & Accessories > Reading Lights,7,pending_asin_lookup
B004QMUIO6,,unknown item,Design & Illustration > Software > Lifestyle & Hobbies,7,pending_asin_lookup
B004Z03Q6G,,unknown item,Xbox 360 > Accessories > Accessory Kits,7,pending_asin_lookup
B0052XUJ56,,unknown item,Electronics > eBook Readers & Accessories > Covers,7,pending_asin_lookup
B0056L31M2,,unknown item,Electronics > Accessories & Supplies > Mounts,7,pending_asin_lookup
B0058QKF8S,,unknown item,Electronics > eBook Readers & Accessories > Skins,7,pending_asin_lookup
B005HEUUG8,,unknown item,Kindle Accessories > Sleeves > Kindle Fire Sleeves,7,pending_asin_lookup
B005IVLJZG,,unknown item,Electronics > eBook Readers & Accessories > Power Adapters,7,pending_asin_lookup
B005P2K36O,,unknown item,Kindle Accessories > Covers > Kindle Touch Covers (Previous Generation),7,pending_asin_lookup
B005QG23E4,,unknown item,Electronics > eBook Readers & Accessories > Covers,7,pending_asin_lookup
B005TN0NIW,,unknown item,Electronics > eBook Readers & Accessories > Stands,7,pending_asin_lookup
B005Y85EXQ,,unknown item,Computers & Accessories > Touch Screen Tablet Accessories > Stands,7,pending_asin_lookup
B0061Y14MM,,unknown item,Electronics > eBook Readers & Accessories > Covers,7,pending_asin_lookup
B0062TB8RC,,unknown item,Electronics > eBook Readers & Accessories > Screen Protectors,7,pending_asin_lookup
B0063B242M,,unknown item,Computer Components > Software > Photography,7,pending_asin_lookup
B0063F7OAK,,unknown item,Electronics > eBook Readers & Accessories > Covers,7,pending_asin_lookup
B00689UXPY,,unknown item,GPS & Navigation > GPS System Accessories > Vehicle Mounts,7,pending_asin_lookup
B0068M6UMG,,unknown item,Computers & Accessories > Touch Screen Tablet Accessories > Cases & Sleeves,7,pending_asin_lookup
B0069ZFYXI,,unknown item,Electronics > eBook Readers & Accessories > Screen Protectors,7,pending_asin_lookup
B006B7RFMW,,unknown item,Electronics > eBook Readers & Accessories > Covers,7,pending_asin_lookup
B006B7W4Y6,,unknown item,Electronics > eBook Readers & Accessories > Covers,7,pending_asin_lookup
B006CQPVKK,,unknown item,Cables & Accessories > Cables & Interconnects > USB Cables,7,pending_asin_lookup
B006DCSUB0,,unknown item,Cables & Accessories > Cables & Interconnects > USB Cables,7,pending_asin_lookup
B006P21NJ4,,unknown item,Electronics > eBook Readers & Accessories > Covers,7,pending_asin_lookup
B006QOM1FG,,unknown item,Computers & Accessories > Touch Screen Tablet Accessories > Chargers & Adapters,7,pending_asin_lookup
B006SOMERY,,unknown item,Computer Components > Software > Business & Office,7,pending_asin_lookup
B0079NNJ2C,,unknown item,GPS & Navigation > GPS System Accessories > Vehicle Mounts,7,pending_asin_lookup
B007UM59O8,,unknown item,Software > Business & Office > Word Processing,7,pending_asin_lookup
B007V9VCZ0,,unknown item,Touch Screen Tablet Accessories > Cases & Sleeves > Cases,7,pending_asin_lookup
B007VHDNC2,,unknown item,Touch Screen Tablet Accessories > Cases & Sleeves > Sleeves,7,pending_asin_lookup
B008X9ZD5C,,unknown item,Touch Screen Tablet Accessories > Cases & Sleeves > Cases,7,pending_asin_lookup
B0096TK6MI,,unknown item,Touch Screen Tablet Accessories > Cases & Sleeves > Cases,7,pending_asin_lookup
B009716KJS,,unknown item,PlayStation 3 > Accessories > Controllers,7,pending_asin_lookup
B009GU8J62,,unknown item,Kindle Store > Kindle Accessories > Skins,7,pending_asin_lookup
B009PFBSRU,,unknown item,Touch Screen Tablet Accessories > Cases & Sleeves > Cases,7,pending_asin_lookup
B009RH973I,,unknown item,"Kindle Accessories > Covers > Kindle Fire HD 7"" (Previous Generation) Covers",7,pending_asin_lookup
B009SPJ14O,,unknown item,Software > Business & Office > Office Suites,7,pending_asin_lookup
B00AEGGOKK,,unknown item,Electronics > eBook Readers & Accessories > Covers,7,pending_asin_lookup
B00AIL3SFU,,unknown item,Computers & Accessories > Touch Screen Tablet Accessories > Cases & Sleeves,7,pending_asin_lookup
B00AW90T0U,,unknown item,Computers & Accessories > Cables & Accessories > Mice,7,pending_asin_lookup
B00DQZNPAS,,unknown item,Kindle Accessories > Covers > Kindle Fire HDX Covers,7,pending_asin_lookup
B00E1MRYK2,,unknown item,Computers & Accessories > Cables & Accessories > Keyboards,7,pending_asin_lookup
B00EOGGDXO,,unknown item,Software > Antivirus & Security > Internet Security,7,pending_asin_lookup
B00EZ3S9EW,,unknown item,Electronics > eBook Readers & Accessories > Covers,7,pending_asin_lookup
B00FQ1NO9W,,unknown item,Kindle Accessories > Covers > Kindle Fire HDX Covers,7,pending_asin_lookup
B000087R8F,,unknown item,More Systems > Xbox > Hardware,6,pending_asin_lookup
B00009W2GI,,unknown item,Electronics > Accessories & Supplies > Audio & Video Accessories,6,pending_asin_lookup
B0009PSFA8,,unknown item,Cables & Interconnects > Video Cables > HDMI Cables,6,pending_asin_lookup
B000FAPY3S,,unknown item,Cables & Accessories > Monitor Accessories > Screen Protectors,6,pending_asin_lookup
B000I1EYK8,,unknown item,Electronics > Accessories & Supplies,6,pending_asin_lookup
B001IGXDEK,,unknown item,Audio & Video Accessories > Distribution > Selector Switch Boxes,6,pending_asin_lookup
B001Q967TM,,unknown item,Electronics > eBook Readers & Accessories > Stands,6,pending_asin_lookup
B002IL30I8,,unknown item,Batteries & Chargers > Batteries > Camera Batteries,6,pending_asin_lookup
B002QLD3IW,,unknown item,Electronics > eBook Readers & Accessories > Covers,6,pending_asin_lookup
B002SKKI5M,,unknown item,Electronics > eBook Readers & Accessories > Stands,6,pending_asin_lookup
B0030AZ43U,,unknown item,Cables & Accessories > Cables & Interconnects > Ethernet Cables,6,pending_asin_lookup
B0032B0XUG,,unknown item,Electronics > eBook Readers & Accessories > Covers,6,pending_asin_lookup
B00332FL4M,,unknown item,Electronics > eBook Readers & Accessories > Covers,6,pending_asin_lookup
B00332FL6U,,unknown item,Electronics > eBook Readers & Accessories > Covers,6,pending_asin_lookup
B0039OL576,,unknown item,Computers & Accessories > Computer Components > Memory,6,pending_asin_lookup
B003O6C9VK,,unknown item,Xbox 360 > Accessories > Headsets,6,pending_asin_lookup
B003RS19XE,,unknown item,Computers & Accessories > Cables & Accessories > Keyboards,6,pending_asin_lookup
B003V73Y20,,unknown item,Electronics > eBook Readers & Accessories > Power Adapters,6,pending_asin_lookup
B0042LF5Y4,,unknown item,Accessories & Supplies > Electronics > Computers & Accessories,6,pending_asin_lookup
B0045F5MJA,,unknown item,Electronics > eBook Readers & Accessories > Covers,6,pending_asin_lookup
B004BH1P70,,unknown item,Electronics > eBook Readers & Accessories > Covers,6,pending_asin_lookup
B004GKBJR8,,unknown item,Electronics > eBook Readers & Accessories > Covers,6,pending_asin_lookup
B004JXVOEA,,unknown item,Electronics > eBook Readers & Accessories > Covers,6,pending_asin_lookup
B004LQRF3Y,,unknown item,Cables & Accessories > Headsets & Microphones > PC Headsets,6,pending_asin_lookup
B004SX5PM8,,unknown item,Electronics > eBook Readers & Accessories > Covers,6,pending_asin_lookup
B0052O32R2,,unknown item,Electronics > Computers & Accessories > Touch Screen Tablet Accessories,6,pending_asin_lookup
B005775790,,unknown item,Cables & Accessories > Input Devices > Numeric Keypads,6,pending_asin_lookup
B005I6DJ04,,unknown item,Electronics > eBook Readers & Accessories > Sleeves,6,pending_asin_lookup
B005K2X9RO,,unknown item,Electronics > eBook Readers & Accessories > Sleeves,6,pending_asin_lookup
B005OMUE32,,unknown item,Electronics > Computers & Accessories > Touch Screen Tablet Accessories,6,pending_asin_lookup
B005TQEO20,,unknown item,Electronics > eBook Readers & Accessories > Skins,6,pending_asin_lookup
B005WFZECW,,unknown item,Electronics > eBook Readers & Accessories > Covers,6,pending_asin_lookup
B005ZMYGUS,,unknown item,Electronics > eBook Readers & Accessories > Covers,6,pending_asin_lookup
B00689UDPE,,unknown item,Electronics > eBook Readers & Accessories > Covers,6,pending_asin_lookup
B0069R1G4M,,unknown item,Electronics > eBook Readers & Accessories > Covers,6,pending_asin_lookup
B006GCYAOI,,unknown item,Networking Products > Network Adapters > USB Network Adapters,6,pending_asin_lookup
B006GJTKRI,,unknown item,Computers & Accessories > Touch Screen Tablet Accessories > Bundles,6,pending_asin_lookup
B006JH6A0W,,unknown item,Cables & Accessories > Headsets & Microphones > PC Headsets,6,pending_asin_lookup
B006JTUM72,,unknown item,Touch Screen Tablet Accessories > Cases & Sleeves > Cases,6,pending_asin_lookup
B006NNWYNO,,unknown item,Touch Screen Tablet Accessories > Cases & Sleeves > Cases,6,pending_asin_lookup
B006RQKWTU,,unknown item,Touch Screen Tablet Accessories > Cases & Sleeves > Cases,6,pending_asin_lookup
B0079V72UE,,unknown item,Computers & Accessories > Cables & Accessories > Hard Drive Cases,6,pending_asin_lookup
B007RHWU6Q,,unknown item,Kindle Store > Kindle Accessories > Covers,6,pending_asin_lookup
B007TYWYQ8,,unknown item,Touch Screen Tablet Accessories > Cases & Sleeves > Cases,6,pending_asin_lookup
B007UOIOV6,,unknown item,Contract Cell Phones > Electronics > Computers & Accessories,6,pending_asin_lookup
B007VA5YOO,,unknown item,Touch Screen Tablet Accessories > Cases & Sleeves > Cases,6,pending_asin_lookup
B008HBUC7A,,unknown item,Electronics > eBook Readers & Accessories > Covers,6,pending_asin_lookup
B008I62ABK,,unknown item,Electronics > Electronics Warranties,6,pending_asin_lookup
B008I62AN8,,unknown item,Electronics > Electronics Warranties,6,pending_asin_lookup
B008KQ13C0,,unknown item,Touch Screen Tablet Accessories > Cases & Sleeves > Cases,6,pending_asin_lookup
B008PR3Z9I,,unknown item,Electronics > eBook Readers & Accessories > Covers,6,pending_asin_lookup
B008PWURCG,,unknown item,Touch Screen Tablet Accessories > Cases & Sleeves > Cases,6,pending_asin_lookup
B008UR2JEA,,unknown item,Electronics > Computers & Accessories > Computer Components,6,pending_asin_lookup
B008YFYMAM,,unknown item,Computers & Accessories > Cables & Accessories > Mice,6,pending_asin_lookup
B0094NX8TE,,unknown item,Software > Operating Systems > Microsoft Windows,6,pending_asin_lookup
B0097FODWU,,unknown item,Touch Screen Tablet Accessories > Cases & Sleeves > Cases,6,pending_asin_lookup
B009DTTQZO,,unknown item,Computers & Accessories > Cables & Accessories > Surge Protectors,6,pending_asin_lookup
B009YY7E9I,,unknown item,Computers & Accessories > Touch Screen Tablet Accessories > Screen Protectors,6,pending_asin_lookup
B00ADCABE0,,unknown item,Computers & Accessories > Touch Screen Tablet Accessories > Chargers & Adapters,6,pending_asin_lookup
B00AIWGCRA,,unknown item,Touch Screen Tablet Accessories > Cases & Sleeves > Sleeves,6,pending_asin_lookup
B00AJ9XTPA,,unknown item,Electronics > eBook Readers & Accessories > Power Cables,6,pending_asin_lookup
B00C107I9I,,unknown item,Electronics > eBook Readers & Accessories > Covers,6,pending_asin_lookup
B00CMQTV50,,unknown item,Xbox One > Accessories > Headsets,6,pending_asin_lookup
B00DIEYGG4,,unknown item,"Kindle Accessories > Covers > Kindle Fire HD 7"" (Previous Generation) Covers",6,pending_asin_lookup
B00DQZSAXU,,unknown item,Kindle Accessories > Covers > All-New Kindle Fire HD Covers,6,pending_asin_lookup
B00DSFW5MA,,unknown item,Networking Products > Network Adapters > USB Network Adapters,6,pending_asin_lookup
B00E6LJAGO,,unknown item,Accounting & Finance > Personal Finance > Money Management & Budgeting,6,pending_asin_lookup
B00EOAHPNW,,unknown item,Software > Antivirus & Security > Internet Security,6,pending_asin_lookup
B00EZIXFJG,,unknown item,Video Games > Nintendo DS > Accessories,6,pending_asin_lookup
B00GA566M0,,unknown item,Kindle Accessories > Power Adapters > Kindle Power Adapters,6,pending_asin_lookup
B00GT3HL2C,,unknown item,Kindle Store > Kindle Accessories > Stands,6,pending_asin_lookup
B0001H9L3O,,unknown item,PlayStation 2 > Hardware > Accessories,5,pending_asin_lookup
B0001WN0M2,,unknown item,Software > Business & Office > Office Suites,5,pending_asin_lookup
B0007PB0C0,,unknown item,PlayStation > Video Games > PC,5,pending_asin_lookup
B000BPNUCY,,unknown item,Portable Audio & Video > Office Products > Office Electronics,5,pending_asin_lookup
B000W436BY,,unknown item,Electronics > Computers & Accessories > Touch Screen Tablet Accessories,5,pending_asin_lookup
B001GGRVYU,,unknown item,Audio & Video Accessories > Distribution > Selector Switch Boxes,5,pending_asin_lookup
B001HXII80,,unknown item,Computer Recording > Software > Sound Editing,5,pending_asin_lookup
B001I0YXPY,,unknown item,Electronics > Computers & Accessories > Cables & Accessories,5,pending_asin_lookup
B001OF5FCI,,unknown item,"Electronics > Accessories & Supplies > Batteries, Chargers & Accessories",5,pending_asin_lookup
B001QCWU5O,,unknown item,Electronics > eBook Readers & Accessories > Skins,5,pending_asin_lookup
B0026RHUQC,,unknown item,Kindle Accessories > Sleeves > Kindle DX Sleeves,5,pending_asin_lookup
B002DAAPPK,,unknown item,Networking Products > Network Adapters > USB Network Adapters,5,pending_asin_lookup
B002EJVLBW,,unknown item,Cables & Accessories > Monitor Accessories > Screen Protectors,5,pending_asin_lookup
B002NZTHEU,,unknown item,Cables & Interconnects > Video Cables > S-Video Cables,5,pending_asin_lookup
B002P69VAC,,unknown item,Cables & Accessories > Video Games > Sony PSP,5,pending_asin_lookup
B002P77432,,unknown item,Xbox 360 > Accessories > Headsets,5,pending_asin_lookup
B002SKPRQM,,unknown item,Electronics > eBook Readers & Accessories > Stands,5,pending_asin_lookup
B00322IMBC,,unknown item,Accessories > Batteries & Chargers > Chargers,5,pending_asin_lookup
B0034C0M0Y,,unknown item,Electronics > eBook Readers & Accessories > Covers,5,pending_asin_lookup
B0034ZGWDW,,unknown item,Cables & Interconnects > Video Cables > HDMI Cables,5,pending_asin_lookup
B003C1I0DS,,unknown item,Audio & Video Accessories > Remote Controls > TV Remote Controls,5,pending_asin_lookup
B003DZ165C,,unknown item,Electronics > eBook Readers & Accessories > Covers,5,pending_asin_lookup
B003KX0ZXG,,unknown item,Electronics > eBook Readers & Accessories > Sleeves,5,pending_asin_lookup
B003LV9ILC,,unknown item,Accessories & Supplies > Audio & Video Accessories > Connectors & Adapters,5,pending_asin_lookup
B003TLJUJE,,unknown item,Computer Components > Software > Operating Systems,5,pending_asin_lookup
B003UXZVFI,,unknown item,"Accessories & Supplies > Batteries, Chargers & Accessories > AC Adapters",5,pending_asin_lookup
B00406TR4U,,unknown item,Electronics > eBook Readers & Accessories > Reading Lights,5,pending_asin_lookup
B004166T5E,,unknown item,Electronics > eBook Readers & Accessories > Power Adapters,5,pending_asin_lookup
B0043CA30I,,unknown item,Electronics > eBook Readers & Accessories > Covers,5,pending_asin_lookup
B0043DFEV0,,unknown item,Electronics > eBook Readers & Accessories > Covers,5,pending_asin_lookup
B0044B6WYE,,unknown item,Computers & Accessories > Cables & Accessories > Mice,5,pending_asin_lookup
B0045EOWMY,,unknown item,Electronics > eBook Readers & Accessories > Covers,5,pending_asin_lookup
B00470W958,,unknown item,Electronics > eBook Readers & Accessories > Power Adapters,5,pending_asin_lookup
B0049P1YI4,,unknown item,Electronics > eBook Readers & Accessories > Covers,5,pending_asin_lookup
B004BCG9U8,,unknown item,Electronics > eBook Readers & Accessories > Skins,5,pending_asin_lookup
B004CTD2HS,,unknown item,Electronics > eBook Readers & Accessories > Covers,5,pending_asin_lookup
B004EBUSJY,,unknown item,Electronics > Accessories & Supplies > Audio & Video Accessories,5,pending_asin_lookup
B004MF16HU,,unknown item,Electronics > eBook Readers & Accessories > Covers,5,pending_asin_lookup
B004PBE9KW,,unknown item,Software > Education & Reference > Maps & Atlases,5,pending_asin_lookup
B004X237O2,,unknown item,Electronics > eBook Readers & Accessories > Covers,5,pending_asin_lookup
B00501VCO2,,unknown item,Computers & Accessories > Touch Screen Tablet Accessories > Skins & Decals,5,pending_asin_lookup
B005516V16,,unknown item,Computer Components > Fans & Cooling > Case Fans,5,pending_asin_lookup
B00574X25E,,unknown item,Electronics > Computers & Accessories > Touch Screen Tablet Accessories,5,pending_asin_lookup
B005761BGO,,unknown item,Accessories > Controllers > Gamepads,5,pending_asin_lookup
B0057N7HC4,,unknown item,Xbox 360 > Accessories > Controllers,5,pending_asin_lookup
B0057OW94E,,unknown item,Accessories > Controllers > Racing Wheels,5,pending_asin_lookup
B005DSN03I,,unknown item,Computers & Accessories > Touch Screen Tablet Accessories > Screen Protectors,5,pending_asin_lookup
B005HAOOYG,,unknown item,Cables & Accessories > Input Devices > Graphics Tablet Styluses,5,pending_asin_lookup
B005HSG338,,unknown item,Electronics > eBook Readers & Accessories > Covers,5,pending_asin_lookup
B005QG24ZM,,unknown item,Electronics > eBook Readers & Accessories > Covers,5,pending_asin_lookup
B005QP3LPU,,unknown item,Cables & Accessories > Cables & Interconnects > USB Cables,5,pending_asin_lookup
B005TM6UNA,,unknown item,Electronics > eBook Readers & Accessories > Covers,5,pending_asin_lookup
B005TN0P12,,unknown item,Electronics > eBook Readers & Accessories > Stands,5,pending_asin_lookup
B005Z451S2,,unknown item,Computers & Accessories > Touch Screen Tablet Accessories > Skins & Decals,5,pending_asin_lookup
B005Z4539E,,unknown item,Computers & Accessories > Touch Screen Tablet Accessories > Skins & Decals,5,pending_asin_lookup
B0068TVBQY,,unknown item,Computers & Accessories > Touch Screen Tablet Accessories > Chargers & Adapters,5,pending_asin_lookup
B006K59QCW,,unknown item,Touch Screen Tablet Accessories > Cases & Sleeves > Sleeves,5,pending_asin_lookup
B006LR65MI,,unknown item,Electronics > eBook Readers & Accessories > Sleeves,5,pending_asin_lookup
B006QSHST6,,unknown item,Computers & Accessories > Touch Screen Tablet Accessories > Bundles,5,pending_asin_lookup
B0077SAYSG,,unknown item,Touch Screen Tablet Accessories > Cases & Sleeves > Cases,5,pending_asin_lookup
B0079R8NBK,,unknown item,Electronics > eBook Readers & Accessories > Covers,5,pending_asin_lookup
B007PNZ2S0,,unknown item,Software > Music > Music Notation,5,pending_asin_lookup
B007TB0PIA,,unknown item,Touch Screen Tablet Accessories > Cases & Sleeves > Cases,5,pending_asin_lookup
B007V9RC3Q,,unknown item,Touch Screen Tablet Accessories > Cases & Sleeves > Cases,5,pending_asin_lookup
B007Z7QL68,,unknown item,Accessories > Cables & Adapters > Cables,5,pending_asin_lookup
B007ZK1EPI,,unknown item,Touch Screen Tablet Accessories > Cases & Sleeves > Sleeves,5,pending_asin_lookup
B008DBW51A,,unknown item,Accessories & Supplies > Audio & Video Accessories > Headphones,5,pending_asin_lookup
B008HK3TXK,,unknown item,Touch Screen Tablet Accessories > Cases & Sleeves > Cases,5,pending_asin_lookup
B008HSM5LO,,unknown item,Touch Screen Tablet Accessories > Cases & Sleeves > Cases,5,pending_asin_lookup
B008KQ0A7Y,,unknown item,Touch Screen Tablet Accessories > Cases & Sleeves > Cases,5,pending_asin_lookup
B008NPAIB0,,unknown item,Touch Screen Tablet Accessories > Cases & Sleeves > Cases,5,pending_asin_lookup
B008S2DCIE,,unknown item,Electronics > eBook Readers & Accessories > Covers,5,pending_asin_lookup
B0093AQG4C,,unknown item,Touch Screen Tablet Accessories > Cases & Sleeves > Cases,5,pending_asin_lookup
B0096V07DY,,unknown item,Electronics > eBook Readers & Accessories > Screen Protectors,5,pending_asin_lookup
B0096V08LU,,unknown item,Electronics > eBook Readers & Accessories > Screen Protectors,5,pending_asin_lookup
B0098OUU4K,,unknown item,Computers & Accessories > Touch Screen Tablet Accessories > Screen Protectors,5,pending_asin_lookup
B009FQWSK0,,unknown item,Computers & Accessories > Touch Screen Tablet Accessories > Chargers & Adapters,5,pending_asin_lookup
B009P8ND5C,,unknown item,Electronics > eBook Readers & Accessories > Power Adapters,5,pending_asin_lookup
B009RH9LZC,,unknown item,Touch Screen Tablet Accessories > Cases & Sleeves > Cases,5,pending_asin_lookup
B009T4J1TO,,unknown item,Touch Screen Tablet Accessories > Cases & Sleeves > Cases,5,pending_asin_lookup
B009WFOHF8,,unknown item,Basic Cases > Electronics > Accessories & Supplies,5,pending_asin_lookup
B00A3YDNGQ,,unknown item,Electronics > eBook Readers & Accessories > Covers,5,pending_asin_lookup
B00A7F5P6W,,unknown item,"Computers & Accessories > PDAs, Handhelds & Accessories > PDAs & Handhelds",5,pending_asin_lookup
B00A7Q9ZOY,,unknown item,Cables & Accessories > Headsets & Microphones > PC Headsets,5,pending_asin_lookup
B00A9AKY02,,unknown item,Electronics > Computers & Accessories > Touch Screen Tablet Accessories,5,pending_asin_lookup
B00BHFR8H0,,unknown item,Cables & Accessories > Input Devices > Graphics Tablet Styluses,5,pending_asin_lookup
B00CPDYYWU,,unknown item,Electronics > eBook Readers & Accessories > Covers,5,pending_asin_lookup
B00DIEYL3C,,unknown item,Kindle Accessories > Covers > Kindle Paperwhite Covers,5,pending_asin_lookup
B00DQGIHR8,,unknown item,Kindle Accessories > Extended Warranties > Kindle Paperwhite Extended Warranties,5,pending_asin_lookup
B00ELPXWXW,,unknown item,Electronics > Accessories & Supplies > Audio & Video Accessories,5,pending_asin_lookup
B00EO0IL2Q,,unknown item,Electronics > Portable Audio & Video,5,pending_asin_lookup
B00IQWSP1A,,unknown item,Electronics > Computers & Accessories > Tablets,5,pending_asin_lookup
