asin,brand,source
B003ES5ZUU,AmazonBasics,user_provided
B002WE6D44,Transcend,user_provided
B009SYZ8OC,AmazonBasics,user_provided
B002V88HFE,eneloop (SANYO),user_provided
B000LRMS66,Garmin,user_provided
B0074BW614,Amazon,user_provided
B0041Q38NU,Kingston,user_provided
B006GWO5WK,Amazon,user_provided
B000VX6XL6,Kingston,user_provided
B0052SCU8U,AmazonBasics,user_provided
B00622AG6S,PowerGen,user_provided
B001XURP7W,SanDisk,user_provided
B004G6002M,SanDisk,user_provided
B006W8U2MU,Kingston,user_provided
B001TH7GUU,AmazonBasics,user_provided
B001TH7GSW,AmazonBasics,user_provided
B008OHNZI0,Tech Armor,user_provided
B007R5YDYA,Amazon,user_provided
B002QEBMAK,Western Digital (WD),user_provided
B003LR7ME6,Snugg,user_provided
B005DOK8NW,Amazon,user_provided
B0015AARJI,Sony,user_provided
B00BGA9WK2,Sony,user_provided
B000B9RI14,Microsoft,user_provided
B003ZSP0WW,Microsoft,user_provided
B000UEZ36W,SteelSeries,user_provided
B00825BZUY,Amazon,user_provided
B00902SFC4,Marware,user_provided
B004Q0PT3I,Microsoft,user_provided
B0079UAT0A,Moshi,user_provided
B003DZ165W,Amazon,user_provided
B009NHWVIA,Amazon,user_provided
B005KDYBIO,Marware,user_provided
B00077AA5Q,La Crosse Technology,user_provided
B005HSG3TC,Marware,user_provided
B00CMQTVK0,Microsoft,user_provided
B0053OLY9O,Sony,user_provided
B008GGH4FY,Amazon,user_provided
